-- MySQL dump 10.13  Distrib 8.0.32, for Linux (x86_64)
--
-- Host: localhost    Database: api-football
-- ------------------------------------------------------
-- Server version	8.0.32-0ubuntu0.22.10.2

/*!40101 SET @OLD_CHARACTER_SET_CLIENT=@@CHARACTER_SET_CLIENT */;
/*!40101 SET @OLD_CHARACTER_SET_RESULTS=@@CHARACTER_SET_RESULTS */;
/*!40101 SET @OLD_COLLATION_CONNECTION=@@COLLATION_CONNECTION */;
/*!50503 SET NAMES utf8mb4 */;
/*!40103 SET @OLD_TIME_ZONE=@@TIME_ZONE */;
/*!40103 SET TIME_ZONE='+00:00' */;
/*!40014 SET @OLD_UNIQUE_CHECKS=@@UNIQUE_CHECKS, UNIQUE_CHECKS=0 */;
/*!40014 SET @OLD_FOREIGN_KEY_CHECKS=@@FOREIGN_KEY_CHECKS, FOREIGN_KEY_CHECKS=0 */;
/*!40101 SET @OLD_SQL_MODE=@@SQL_MODE, SQL_MODE='NO_AUTO_VALUE_ON_ZERO' */;
/*!40111 SET @OLD_SQL_NOTES=@@SQL_NOTES, SQL_NOTES=0 */;

--
-- Table structure for table `countries`
--

DROP TABLE IF EXISTS `countries`;
/*!40101 SET @saved_cs_client     = @@character_set_client */;
/*!50503 SET character_set_client = utf8mb4 */;
CREATE TABLE `countries` (
  `id` bigint unsigned NOT NULL AUTO_INCREMENT,
  `name` varchar(255) CHARACTER SET utf8mb4 COLLATE utf8mb4_unicode_ci NOT NULL,
  `code` char(2) CHARACTER SET utf8mb4 COLLATE utf8mb4_unicode_ci DEFAULT NULL,
  `flag` varchar(255) CHARACTER SET utf8mb4 COLLATE utf8mb4_unicode_ci DEFAULT NULL,
  PRIMARY KEY (`id`)
) ENGINE=InnoDB AUTO_INCREMENT=3 DEFAULT CHARSET=utf8mb4 COLLATE=utf8mb4_unicode_ci;
/*!40101 SET character_set_client = @saved_cs_client */;

--
-- Dumping data for table `countries`
--

LOCK TABLES `countries` WRITE;
/*!40000 ALTER TABLE `countries` DISABLE KEYS */;
INSERT INTO `countries` VALUES (1,'World',NULL,NULL),(2,'England','GB','https://media.api-sports.io/flags/gb.svg');
/*!40000 ALTER TABLE `countries` ENABLE KEYS */;
UNLOCK TABLES;

--
-- Table structure for table `fixture_team`
--

DROP TABLE IF EXISTS `fixture_team`;
/*!40101 SET @saved_cs_client     = @@character_set_client */;
/*!50503 SET character_set_client = utf8mb4 */;
CREATE TABLE `fixture_team` (
  `fixture_id` bigint unsigned NOT NULL,
  `team_id` bigint unsigned NOT NULL,
  `ground` enum('home','away') CHARACTER SET utf8mb4 COLLATE utf8mb4_unicode_ci NOT NULL,
  `goals` int DEFAULT NULL,
  UNIQUE KEY `constrained_index_unique` (`fixture_id`,`team_id`,`ground`),
  KEY `fixture_team_team_id_foreign` (`team_id`),
  CONSTRAINT `fixture_team_fixture_id_foreign` FOREIGN KEY (`fixture_id`) REFERENCES `fixtures` (`id`),
  CONSTRAINT `fixture_team_team_id_foreign` FOREIGN KEY (`team_id`) REFERENCES `teams` (`id`)
) ENGINE=InnoDB DEFAULT CHARSET=utf8mb4 COLLATE=utf8mb4_unicode_ci;
/*!40101 SET character_set_client = @saved_cs_client */;

--
-- Dumping data for table `fixture_team`
--

LOCK TABLES `fixture_team` WRITE;
/*!40000 ALTER TABLE `fixture_team` DISABLE KEYS */;
INSERT INTO `fixture_team` VALUES (855734,13,'home',0),(855734,1118,'away',2),(855735,10,'home',6),(855735,22,'away',2),(855736,1569,'home',0),(855736,2382,'away',2),(855737,23,'away',2),(855737,26,'home',1),(855738,21,'home',0),(855738,28,'away',0),(855739,16,'home',0),(855739,24,'away',0),(855740,3,'away',0),(855740,31,'home',0),(855741,12,'away',2),(855741,25,'home',1),(855742,1,'home',1),(855742,5529,'away',0),(855743,15,'home',1),(855743,1530,'away',0),(855744,7,'home',0),(855744,17,'away',0),(855745,27,'home',3),(855745,1504,'away',2),(855746,6,'home',2),(855746,14,'away',0),(855747,13,'away',3),(855747,1569,'home',1),(855748,1118,'home',1),(855748,2382,'away',1),(855749,10,'home',0),(855749,2384,'away',0),(855750,23,'away',0),(855750,24,'home',2),(855751,2,'home',2),(855751,21,'away',1),(855752,16,'away',0),(855752,26,'home',2),(855753,1,'home',0),(855753,31,'away',2),(855754,3,'home',4),(855754,5529,'away',1),(855755,9,'home',1),(855755,25,'away',1),(855756,14,'away',3),(855756,1530,'home',3),(855757,17,'home',2),(855757,1504,'away',3),(855758,6,'home',1),(855758,15,'away',0),(855759,7,'away',0),(855759,27,'home',2),(855760,1118,'home',2),(855760,1569,'away',0),(855761,13,'away',2),(855761,2382,'home',1),(855762,22,'home',0),(855762,2384,'away',1),(855763,2,'away',0),(855763,28,'home',1),(855764,24,'home',0),(855764,26,'away',2),(855765,16,'away',2),(855765,23,'home',1),(855766,1,'away',0),(855766,3,'home',0),(855767,31,'away',2),(855767,5529,'home',1),(855768,9,'away',1),(855768,12,'home',2),(855769,17,'home',2),(855769,27,'away',1),(855770,7,'away',2),(855770,1504,'home',0),(855771,6,'away',0),(855771,1530,'home',1),(855772,14,'home',2),(855772,15,'away',3),(866681,767,'away',1),(866681,2384,'home',1),(866682,22,'away',2),(866682,767,'home',0),(866683,10,'away',3),(866683,767,'home',0),(867946,42,'away',2),(867946,52,'home',0),(867947,36,'home',2),(867947,40,'away',2),(867948,35,'home',2),(867948,66,'away',0),(867949,39,'away',1),(867949,63,'home',2),(867950,46,'home',2),(867950,55,'away',2),(867951,34,'home',2),(867951,65,'away',0),(867952,41,'away',1),(867952,47,'home',4),(867953,45,'home',0),(867953,49,'away',1),(867954,33,'home',1),(867954,51,'away',2),(867955,48,'home',0),(867955,50,'away',2),(867956,42,'home',4),(867956,46,'away',2),(867957,45,'away',1),(867957,66,'home',2),(867958,33,'away',0),(867958,55,'home',4),(867959,34,'away',0),(867959,51,'home',0),(867960,47,'away',2),(867960,49,'home',2),(867961,40,'home',1),(867961,52,'away',1),(867962,35,'away',0),(867962,50,'home',4),(867963,48,'away',0),(867963,65,'home',1),(867964,41,'home',2),(867964,63,'away',2),(867965,36,'away',0),(867965,39,'home',0),(867966,35,'home',0),(867966,42,'away',3),(867967,52,'home',3),(867967,66,'away',1),(867968,45,'home',1),(867968,65,'away',1),(867969,36,'home',3),(867969,55,'away',2),(867970,49,'away',0),(867970,63,'home',3),(867971,41,'away',2),(867971,46,'home',1),(867972,33,'home',2),(867972,40,'away',1),(867973,34,'home',3),(867973,50,'away',3),(867974,39,'away',0),(867974,47,'home',1),(867975,48,'home',0),(867975,51,'away',2),(867976,36,'away',1),(867976,42,'home',2),(867977,48,'away',1),(867977,66,'home',0),(867978,45,'away',1),(867978,55,'home',1),(867979,51,'home',1),(867979,63,'away',0),(867980,46,'away',1),(867980,49,'home',2),(867981,35,'away',0),(867981,40,'home',9),(867982,50,'home',4),(867982,52,'away',2),(867983,47,'away',2),(867983,65,'home',0),(867984,33,'away',1),(867984,41,'home',0),(867985,34,'away',1),(867985,39,'home',1),(867986,35,'home',0),(867986,39,'away',0),(867987,42,'home',2),(867987,66,'away',1),(867988,36,'home',2),(867988,51,'away',1),(867989,45,'away',1),(867989,63,'home',1),(867990,33,'away',1),(867990,46,'home',0),(867991,47,'away',1),(867991,48,'home',1),(867992,52,'home',1),(867992,55,'away',1),(867993,41,'home',2),(867993,49,'away',1),(867994,34,'away',1),(867994,40,'home',2),(867995,50,'home',6),(867995,65,'away',0),(867996,50,'away',1),(867996,66,'home',1),(867997,55,'home',5),(867997,63,'away',2),(867998,46,'away',2),(867998,51,'home',5),(867999,48,'away',1),(867999,49,'home',2),(868000,40,'away',0),(868000,45,'home',0),(868001,33,'home',3),(868001,42,'away',1),(868002,34,'home',0),(868002,52,'away',0),(868003,35,'away',3),(868003,65,'home',2),(868004,36,'away',1),(868004,47,'home',2),(868005,39,'home',1),(868005,41,'away',0),(868006,35,'home',0),(868006,51,'away',2),(868007,42,'home',4),(868007,45,'away',0),(868008,33,'away',1),(868008,52,'home',1),(868009,36,'home',2),(868009,49,'away',1),(868010,63,'home',2),(868010,65,'away',1),(868011,46,'home',1),(868011,66,'away',2),(868012,39,'away',0),(868012,40,'home',2),(868013,47,'away',2),(868013,50,'home',4),(868014,41,'home',0),(868014,55,'away',2),(868015,34,'away',5),(868015,48,'home',1),(868016,41,'away',0),(868016,66,'home',1),(868017,42,'away',3),(868017,55,'home',0),(868018,51,'home',1),(868018,52,'away',0),(868019,40,'away',0),(868019,49,'home',0),(868020,45,'home',1),(868020,48,'away',0),(868021,33,'home',2),(868021,63,'away',2),(868022,34,'home',1),(868022,35,'away',1),(868023,36,'away',3),(868023,65,'home',2),(868024,46,'away',2),(868024,47,'home',6),(868025,39,'home',0),(868025,50,'away',3),(868026,35,'home',0),(868026,55,'away',0),(868027,42,'home',3),(868027,47,'away',1),(868028,49,'away',2),(868028,52,'home',1),(868029,34,'away',4),(868029,36,'home',1),(868030,63,'home',0),(868030,66,'away',0),(868031,46,'home',4),(868031,65,'away',0),(868032,40,'home',3),(868032,51,'away',3),(868033,33,'away',3),(868033,50,'home',6),(868034,41,'home',1),(868034,45,'away',2),(868035,39,'away',0),(868035,48,'home',2),(868036,35,'home',2),(868036,46,'away',1),(868037,40,'away',2),(868037,42,'home',3),(868038,47,'away',1),(868038,51,'home',0),(868039,39,'away',0),(868039,49,'home',3),(868040,52,'home',2),(868040,63,'away',1),(868041,33,'away',2),(868041,45,'home',1),(868042,41,'away',0),(868042,50,'home',4),(868043,34,'home',5),(868043,55,'away',1),(868044,65,'home',1),(868044,66,'away',1),(868045,36,'away',1),(868045,48,'home',3),(868046,49,'away',2),(868046,66,'home',0),(868047,51,'away',0),(868047,55,'home',2),(868048,35,'away',2),(868048,36,'home',2),(868049,42,'away',1),(868049,63,'home',0),(868050,46,'home',0),(868050,52,'away',0),(868051,40,'home',1),(868051,50,'away',0),(868052,33,'home',0),(868052,34,'away',0),(868053,41,'home',1),(868053,48,'away',1),(868054,45,'away',0),(868054,47,'home',2),(868055,39,'home',1),(868055,65,'away',0),(868056,35,'home',0),(868056,41,'away',1),(868057,42,'home',1),(868057,50,'away',3),(868058,49,'away',0),(868058,55,'home',0),(868059,51,'home',0),(868059,65,'away',0),(868060,36,'home',3),(868060,66,'away',0),(868061,46,'home',2),(868061,63,'away',0),(868062,39,'away',1),(868062,52,'home',2),(868063,34,'home',1),(868063,45,'away',0),(868064,40,'home',1),(868064,48,'away',0),(868065,33,'home',2),(868065,47,'away',0),(868066,55,'away',0),(868066,66,'home',4),(868067,33,'away',1),(868067,49,'home',1),(868068,45,'home',3),(868068,52,'away',0),(868069,36,'away',3),(868069,63,'home',2),(868070,50,'home',3),(868070,51,'away',1),(868071,40,'away',0),(868071,65,'home',1),(868072,41,'home',1),(868072,42,'away',1),(868073,34,'away',2),(868073,47,'home',1),(868074,35,'away',0),(868074,48,'home',2),(868075,39,'home',0),(868075,46,'away',4),(868076,35,'home',2),(868076,47,'away',3),(868077,42,'home',5),(868077,65,'away',0),(868078,39,'away',1),(868078,55,'home',1),(868079,49,'away',1),(868079,51,'home',4),(868080,41,'away',0),(868080,52,'home',1),(868081,36,'home',0),(868081,45,'away',0),(868082,46,'home',0),(868082,50,'away',1),(868083,40,'home',1),(868083,63,'away',2),(868084,33,'home',1),(868084,48,'away',0),(868085,34,'home',4),(868085,66,'away',0),(868086,33,'away',1),(868086,66,'home',3),(868087,42,'away',1),(868087,49,'home',0),(868088,45,'home',0),(868088,46,'away',2),(868089,35,'away',3),(868089,63,'home',4),(868090,36,'away',1),(868090,50,'home',2),(868091,55,'away',2),(868091,65,'home',2),(868092,34,'away',4),(868092,41,'home',1),(868093,40,'away',2),(868093,47,'home',1),(868094,48,'home',1),(868094,52,'away',2),(868095,39,'home',2),(868095,51,'away',3),(868096,35,'home',3),(868096,45,'away',0),(868097,51,'home',1),(868097,66,'away',2),(868098,33,'away',2),(868098,36,'home',1),(868099,40,'home',3),(868099,41,'away',1),(868100,50,'home',1),(868100,55,'away',2),(868101,34,'home',1),(868101,49,'away',0),(868102,52,'away',0),(868102,65,'home',1),(868103,47,'home',4),(868103,63,'away',3),(868104,46,'away',2),(868104,48,'home',0),(868105,39,'home',0),(868105,42,'away',2),(868106,42,'home',3),(868106,48,'away',1),(868107,40,'away',3),(868107,66,'home',1),(868108,47,'away',2),(868108,55,'home',2),(868109,35,'away',0),(868109,49,'home',2),(868110,36,'away',3),(868110,52,'home',0),(868111,39,'away',2),(868111,45,'home',1),(868112,50,'away',3),(868112,63,'home',1),(868113,34,'away',3),(868113,46,'home',0),(868114,33,'home',3),(868114,65,'away',0),(868115,41,'home',1),(868115,51,'away',3),(868116,35,'home',0),(868116,52,'away',2),(868117,42,'away',4),(868117,51,'home',2),(868118,36,'home',2),(868118,41,'away',1),(868119,40,'home',2),(868119,46,'away',1),(868120,45,'away',1),(868120,50,'home',1),(868121,34,'home',0),(868121,63,'away',0),(868122,49,'away',1),(868122,65,'home',1),(868123,47,'home',0),(868123,66,'away',2),(868124,48,'home',0),(868124,55,'away',2),(868125,33,'away',1),(868125,39,'home',0),(868126,34,'away',0),(868126,42,'home',0),(868127,39,'away',1),(868127,66,'home',1),(868128,40,'away',1),(868128,55,'home',3),(868129,49,'home',0),(868129,50,'away',1),(868130,47,'away',4),(868130,52,'home',0),(868131,45,'home',1),(868131,51,'away',4),(868132,48,'away',2),(868132,63,'home',2),(868133,36,'away',1),(868133,46,'home',0),(868134,33,'home',3),(868134,35,'away',0),(868135,41,'home',0),(868135,65,'away',1),(868136,63,'away',1),(868136,66,'home',2),(868137,35,'away',0),(868137,55,'home',2),(868138,40,'away',0),(868138,51,'home',3),(868139,49,'home',1),(868139,52,'away',0),(868140,41,'away',2),(868140,45,'home',1),(868141,33,'home',2),(868141,50,'away',1),(868142,34,'home',1),(868142,36,'away',0),(868143,46,'away',0),(868143,65,'home',2),(868144,42,'away',2),(868144,47,'home',0),(868145,39,'home',1),(868145,48,'away',0),(868146,35,'home',1),(868146,65,'away',1),(868147,33,'away',2),(868147,42,'home',3),(868148,34,'away',0),(868148,52,'home',0),(868149,36,'home',0),(868149,47,'away',1),(868150,55,'away',0),(868150,63,'home',0),(868151,46,'home',2),(868151,51,'away',2),(868152,40,'home',0),(868152,49,'away',0),(868153,39,'away',0),(868153,50,'home',3),(868154,41,'home',0),(868154,66,'away',1),(868155,45,'away',0),(868155,48,'home',2),(868156,46,'away',4),(868156,66,'home',2),(868157,41,'away',0),(868157,55,'home',3),(868158,35,'away',0),(868158,51,'home',1),(868159,36,'away',0),(868159,49,'home',0),(868160,42,'away',0),(868160,45,'home',1),(868161,33,'home',2),(868161,52,'away',1),(868162,34,'home',1),(868162,48,'away',1),(868163,63,'away',0),(868163,65,'home',1),(868164,47,'home',1),(868164,50,'away',0),(868165,39,'home',3),(868165,40,'away',0),(868166,34,'away',1),(868166,35,'home',1),(868167,42,'home',1),(868167,55,'away',1),(868168,51,'away',1),(868168,52,'home',1),(868169,36,'home',2),(868169,65,'away',0),(868170,33,'away',2),(868170,63,'home',0),(868171,46,'home',4),(868171,47,'away',1),(868172,40,'home',2),(868172,45,'away',0),(868173,50,'home',3),(868173,66,'away',1),(868174,39,'away',2),(868174,41,'home',1),(868175,48,'home',1),(868175,49,'away',1),(868176,42,'away',4),(868176,66,'home',2),(868177,52,'away',1),(868177,55,'home',1),(868178,36,'away',1),(868178,51,'home',0),(868179,41,'away',1),(868179,49,'home',0),(868180,45,'home',1),(868180,63,'away',0),(868181,33,'home',3),(868181,46,'away',0),(868182,34,'home',0),(868182,40,'away',2),(868183,50,'away',1),(868183,65,'home',1),(868184,47,'home',2),(868184,48,'away',0),(868185,35,'away',1),(868185,39,'home',0),(868186,35,'home',1),(868186,50,'away',4),(868187,40,'away',0),(868187,52,'home',0),(868188,45,'home',0),(868188,66,'away',2),(868189,36,'home',1),(868189,39,'away',1),(868190,41,'away',0),(868190,63,'home',1),(868191,42,'away',1),(868191,46,'home',0),(868192,33,'home',1),(868192,55,'away',0),(868193,34,'home',NULL),(868193,51,'away',NULL),(868194,47,'home',2),(868194,49,'away',0),(868195,48,'home',4),(868195,65,'away',0),(868196,35,'away',2),(868196,42,'home',3),(868197,52,'away',0),(868197,66,'home',1),(868198,36,'away',2),(868198,55,'home',3),(868199,48,'away',0),(868199,51,'home',4),(868200,49,'home',1),(868200,63,'away',0),(868201,33,'away',0),(868201,40,'home',7),(868202,34,'away',0),(868202,50,'home',2),(868203,45,'away',2),(868203,65,'home',2),(868204,41,'home',1),(868204,46,'away',0),(868205,39,'home',1),(868205,47,'away',0),(868206,35,'home',1),(868206,40,'away',0),(868207,50,'away',1),(868207,52,'home',0),(868208,45,'home',1),(868208,55,'away',0),(868209,36,'home',0),(868209,42,'away',3),(868210,51,'away',2),(868210,63,'home',2),(868211,46,'home',1),(868211,49,'away',3),(868212,33,'home',0),(868212,41,'away',0),(868213,34,'home',2),(868213,39,'away',1),(868214,47,'home',3),(868214,65,'away',1),(868215,48,'home',1),(868215,66,'away',1),(868216,42,'home',4),(868216,52,'away',1),(868217,35,'away',0),(868217,66,'home',3),(868218,46,'away',1),(868218,55,'home',1),(868219,33,'away',0),(868219,51,'home',1),(868220,45,'away',2),(868220,49,'home',2),(868221,36,'away',0),(868221,40,'home',1),(868222,48,'away',0),(868222,50,'home',3),(868223,34,'away',2),(868223,65,'home',1),(868224,41,'home',3),(868224,47,'away',3),(868225,39,'home',2),(868225,63,'away',4),(868226,35,'home',2),(868226,36,'away',1),(868227,42,'home',4),(868227,63,'away',1),(868228,51,'home',3),(868228,55,'away',3),(868229,49,'home',0),(868229,66,'away',2),(868230,46,'away',1),(868230,52,'home',2),(868231,45,'home',1),(868231,47,'away',1),(868232,40,'away',1),(868232,50,'home',4),(868233,33,'away',0),(868233,34,'home',2),(868234,39,'away',1),(868234,65,'home',1),(868235,41,'away',0),(868235,48,'home',1),(868236,65,'away',0),(868236,66,'home',2),(868237,34,'away',2),(868237,55,'home',1),(868238,36,'home',0),(868238,48,'away',1),(868239,52,'away',5),(868239,63,'home',1),(868240,35,'away',1),(868240,46,'home',0),(868241,40,'home',2),(868241,42,'away',2),(868242,33,'home',2),(868242,45,'away',0),(868243,41,'home',1),(868243,50,'away',4),(868244,47,'home',2),(868244,51,'away',1),(868245,39,'home',1),(868245,49,'away',0),(868246,34,'away',0),(868246,66,'home',3),(868247,49,'home',1),(868247,51,'away',2),(868248,36,'away',3),(868248,45,'home',1),(868249,40,'away',6),(868249,63,'home',1),(868250,46,'away',1),(868250,50,'home',3),(868251,33,'away',2),(868251,65,'home',0),(868252,41,'home',0),(868252,52,'away',2),(868253,35,'away',3),(868253,47,'home',2),(868254,42,'away',2),(868254,48,'home',2),(868255,39,'home',2),(868255,55,'away',0),(868256,35,'home',0),(868256,48,'away',4),(868257,41,'away',3),(868257,42,'home',3),(868258,55,'home',1),(868258,66,'away',1),(868259,50,'away',NULL),(868259,51,'home',NULL),(868260,45,'away',0),(868260,52,'home',0),(868261,36,'home',2),(868261,63,'away',1),(868262,39,'away',1),(868262,46,'home',2),(868263,40,'home',3),(868263,65,'away',2),(868264,33,'home',NULL),(868264,49,'away',NULL),(868265,34,'home',6),(868265,47,'away',1),(868266,34,'away',4),(868266,45,'home',1),(868267,46,'away',1),(868267,63,'home',1),(868268,51,'away',1),(868268,65,'home',3),(868269,33,'away',2),(868269,47,'home',2),(868270,40,'away',2),(868270,48,'home',1),(868271,39,'home',2),(868271,52,'away',0),(868272,36,'away',0),(868272,66,'home',1),(868273,49,'home',0),(868273,55,'away',2),(868274,35,'away',1),(868274,41,'home',0),(868275,42,'away',1),(868275,50,'home',4),(868276,35,'home',4),(868276,63,'away',1),(868277,42,'home',3),(868277,49,'away',1),(868278,55,'home',2),(868278,65,'away',1),(868279,39,'away',0),(868279,51,'home',6),(868280,48,'away',3),(868280,52,'home',4),(868281,36,'home',1),(868281,50,'away',2),(868282,45,'away',2),(868282,46,'home',2),(868283,40,'home',4),(868283,47,'away',3),(868284,33,'home',1),(868284,66,'away',0),(868285,34,'home',3),(868285,41,'away',1),(868286,35,'home',1),(868286,49,'away',3),(868287,45,'away',NULL),(868287,51,'home',NULL),(868288,36,'home',NULL),(868288,46,'away',NULL),(868289,40,'home',1),(868289,55,'away',0),(868290,50,'home',2),(868290,63,'away',1),(868291,34,'home',NULL),(868291,42,'away',NULL),(868292,41,'away',NULL),(868292,65,'home',NULL),(868293,47,'home',1),(868293,52,'away',0),(868294,33,'away',NULL),(868294,48,'home',NULL),(868295,39,'home',1),(868295,66,'away',0),(868296,42,'home',NULL),(868296,51,'away',NULL),(868297,47,'away',NULL),(868297,66,'home',NULL),(868298,48,'away',NULL),(868298,55,'home',NULL),(868299,49,'home',NULL),(868299,65,'away',NULL),(868300,35,'away',NULL),(868300,52,'home',NULL),(868301,45,'home',NULL),(868301,50,'away',NULL),(868302,34,'away',NULL),(868302,63,'home',NULL),(868303,40,'away',NULL),(868303,46,'home',NULL),(868304,33,'home',NULL),(868304,39,'away',NULL),(868305,36,'away',NULL),(868305,41,'home',NULL),(868306,33,'away',NULL),(868306,35,'home',NULL),(868307,41,'away',NULL),(868307,51,'home',NULL),(868308,36,'home',NULL),(868308,52,'away',NULL),(868309,40,'home',NULL),(868309,66,'away',NULL),(868310,49,'away',NULL),(868310,50,'home',NULL),(868311,34,'home',NULL),(868311,46,'away',NULL),(868312,42,'away',NULL),(868312,65,'home',NULL),(868313,47,'home',NULL),(868313,55,'away',NULL),(868314,48,'home',NULL),(868314,63,'away',NULL),(868315,39,'home',NULL),(868315,45,'away',NULL),(868316,39,'away',NULL),(868316,42,'home',NULL),(868317,51,'away',NULL),(868317,66,'home',NULL),(868318,50,'away',NULL),(868318,55,'home',NULL),(868319,34,'away',NULL),(868319,49,'home',NULL),(868320,52,'home',NULL),(868320,65,'away',NULL),(868321,35,'away',NULL),(868321,45,'home',NULL),(868322,47,'away',NULL),(868322,63,'home',NULL),(868323,46,'home',NULL),(868323,48,'away',NULL),(868324,33,'home',NULL),(868324,36,'away',NULL),(868325,40,'away',NULL),(868325,41,'home',NULL),(871850,2,'home',4),(871850,20,'away',1),(871851,9,'home',7),(871851,29,'away',0),(871852,20,'away',1),(871852,28,'home',0),(871853,12,'home',0),(871853,29,'away',1),(871854,20,'home',1),(871854,21,'away',0),(871855,25,'away',4),(871855,29,'home',2),(946849,49,'away',0),(946849,620,'home',1),(946850,165,'home',3),(946850,400,'away',0),(946851,489,'away',1),(946851,571,'home',1),(946852,247,'home',0),(946852,541,'away',3),(946853,173,'home',1),(946853,550,'away',4),(946854,50,'away',4),(946854,536,'home',0),(946855,85,'home',2),(946855,496,'away',1),(946856,211,'home',2),(946856,4195,'away',0),(946857,194,'home',4),(946857,257,'away',0),(946858,169,'home',0),(946858,228,'away',3),(946859,40,'away',1),(946859,492,'home',4),(946860,212,'away',1),(946860,530,'home',2),(946861,168,'away',0),(946861,569,'home',1),(946862,529,'home',5),(946862,567,'away',1),(946863,157,'away',2),(946863,505,'home',0),(946864,47,'home',2),(946864,81,'away',0),(946865,505,'away',2),(946865,567,'home',0),(946866,47,'away',0),(946866,228,'home',2),(946867,40,'home',2),(946867,194,'away',1),(946868,257,'home',0),(946868,492,'away',3),(946869,212,'home',0),(946869,569,'away',4),(946870,168,'home',2),(946870,530,'away',0),(946871,157,'home',2),(946871,529,'away',0),(946872,81,'home',0),(946872,169,'away',1),(946873,489,'home',3),(946873,620,'away',1),(946874,247,'away',1),(946874,550,'home',1),(946875,49,'home',1),(946875,571,'away',1),(946876,173,'away',0),(946876,541,'home',2),(946877,50,'home',2),(946877,165,'away',1),(946878,400,'home',0),(946878,536,'away',0),(946879,211,'away',2),(946879,496,'home',1),(946880,85,'away',3),(946880,4195,'home',1),(946881,157,'home',5),(946881,567,'away',0),(946882,81,'home',4),(946882,228,'away',1),(946883,40,'home',2),(946883,257,'away',0),(946884,194,'home',1),(946884,492,'away',6),(946885,168,'away',0),(946885,212,'home',2),(946886,530,'away',0),(946886,569,'home',2),(946887,505,'home',1),(946887,529,'away',0),(946888,47,'away',0),(946888,169,'home',0),(946889,571,'home',1),(946889,620,'away',0),(946890,173,'home',3),(946890,247,'away',1),(946891,49,'home',3),(946891,489,'away',0),(946892,541,'home',2),(946892,550,'away',1),(946893,50,'home',5),(946893,400,'away',0),(946894,165,'away',4),(946894,536,'home',1),(946895,496,'home',3),(946895,4195,'away',1),(946896,85,'away',1),(946896,211,'home',1),(946897,50,'away',0),(946897,400,'home',0),(946898,496,'away',0),(946898,4195,'home',2),(946899,571,'away',1),(946899,620,'home',1),(946900,49,'away',2),(946900,489,'home',0),(946901,541,'away',1),(946901,550,'home',1),(946902,173,'away',2),(946902,247,'home',0),(946903,165,'home',1),(946903,536,'away',1),(946904,85,'home',1),(946904,211,'away',1),(946905,194,'away',2),(946905,492,'home',4),(946906,530,'home',0),(946906,569,'away',0),(946907,40,'away',7),(946907,257,'home',1),(946908,168,'home',0),(946908,212,'away',3),(946909,505,'away',3),(946909,529,'home',3),(946910,157,'away',4),(946910,567,'home',2),(946911,47,'home',3),(946911,169,'away',2),(946912,81,'away',2),(946912,228,'home',0),(946913,49,'away',2),(946913,571,'home',1),(946914,400,'away',0),(946914,536,'home',3),(946915,489,'away',4),(946915,620,'home',0),(946916,247,'home',1),(946916,550,'away',1),(946917,173,'home',3),(946917,541,'away',2),(946918,50,'away',0),(946918,165,'home',0),(946919,85,'home',7),(946919,4195,'away',2),(946920,211,'home',4),(946920,496,'away',3),(946921,212,'away',4),(946921,569,'home',0),(946922,505,'home',4),(946922,567,'away',0),(946923,257,'away',0),(946923,492,'home',3),(946924,40,'away',3),(946924,194,'home',0),(946925,168,'away',2),(946925,530,'home',2),(946926,157,'away',3),(946926,529,'home',0),(946927,47,'home',1),(946927,228,'away',1),(946928,81,'away',1),(946928,169,'home',2),(946929,212,'home',2),(946929,530,'away',1),(946930,168,'home',0),(946930,569,'away',0),(946931,40,'home',2),(946931,492,'away',0),(946932,194,'away',3),(946932,257,'home',1),(946933,157,'home',2),(946933,505,'away',0),(946934,529,'away',4),(946934,567,'home',2),(946935,169,'away',2),(946935,228,'home',1),(946936,47,'away',2),(946936,81,'home',1),(946937,247,'away',1),(946937,541,'home',5),(946938,173,'away',4),(946938,550,'home',0),(946939,49,'home',2),(946939,620,'away',1),(946940,489,'home',4),(946940,571,'away',0),(946941,50,'home',3),(946941,536,'away',1),(946942,165,'away',1),(946942,400,'home',1),(946943,85,'away',2),(946943,496,'home',1),(946944,211,'away',6),(946944,4195,'home',1),(971793,47,'away',0),(971793,489,'home',1),(971794,47,'home',0),(971794,489,'away',0),(971795,85,'home',0),(971795,157,'away',1),(971796,85,'away',0),(971796,157,'home',2),(971797,211,'away',2),(971797,569,'home',0),(971798,211,'home',5),(971798,569,'away',1),(971799,49,'away',0),(971799,165,'home',1),(971800,49,'home',2),(971800,165,'away',0),(971801,40,'home',2),(971801,541,'away',5),(971802,40,'away',0),(971802,541,'home',1),(971803,169,'home',0),(971803,492,'away',2),(971804,169,'away',0),(971804,492,'home',3),(971805,50,'away',1),(971805,173,'home',1),(971806,50,'home',7),(971806,173,'away',0),(971807,212,'away',0),(971807,505,'home',1),(971808,212,'home',0),(971808,505,'away',0),(976533,1118,'home',3),(976533,2384,'away',1),(976534,10,'home',3),(976534,13,'away',0),(976642,20,'away',1),(976642,26,'home',2),(976643,2,'home',3),(976643,24,'away',1),(977344,3,'away',3),(977344,12,'home',1),(977345,9,'away',0),(977345,31,'home',3),(977705,6,'home',4),(977705,17,'away',1),(977706,15,'away',1),(977706,27,'home',6),(977794,26,'away',4),(977794,1118,'home',3),(978036,2,'away',2),(978036,10,'home',1),(978072,3,'home',4),(978072,6,'away',2),(978088,27,'away',0),(978088,31,'home',1),(978279,3,'away',0),(978279,26,'home',3),(978488,2,'home',2),(978488,31,'away',0),(979138,3,'home',2),(979138,31,'away',1),(979139,2,'away',2),(979139,26,'home',4),(1016055,211,'home',0),(1016055,505,'away',2),(1016056,211,'away',3),(1016056,505,'home',3),(1016057,50,'home',3),(1016057,157,'away',0),(1016058,50,'away',1),(1016058,157,'home',1),(1016059,49,'away',0),(1016059,541,'home',2),(1016060,49,'home',0),(1016060,541,'away',2),(1016061,489,'home',1),(1016061,492,'away',0),(1016062,489,'away',1),(1016062,492,'home',1);
/*!40000 ALTER TABLE `fixture_team` ENABLE KEYS */;
UNLOCK TABLES;

--
-- Table structure for table `fixtures`
--

DROP TABLE IF EXISTS `fixtures`;
/*!40101 SET @saved_cs_client     = @@character_set_client */;
/*!50503 SET character_set_client = utf8mb4 */;
CREATE TABLE `fixtures` (
  `id` bigint unsigned NOT NULL AUTO_INCREMENT,
  `timezone` varchar(255) CHARACTER SET utf8mb4 COLLATE utf8mb4_unicode_ci NOT NULL,
  `timestamp` datetime NOT NULL,
  `long_status` varchar(255) CHARACTER SET utf8mb4 COLLATE utf8mb4_unicode_ci NOT NULL,
  `short_status` varchar(255) CHARACTER SET utf8mb4 COLLATE utf8mb4_unicode_ci NOT NULL,
  `finished_at` timestamp NULL DEFAULT NULL,
  `league_round` varchar(255) CHARACTER SET utf8mb4 COLLATE utf8mb4_unicode_ci NOT NULL,
  `league_id` bigint unsigned NOT NULL,
  `season_id` bigint unsigned NOT NULL,
  `round_id` bigint unsigned NOT NULL,
  `calculate_post_match_positioning` tinyint(1) NOT NULL DEFAULT '0',
  PRIMARY KEY (`id`),
  KEY `fixtures_season_id_foreign` (`season_id`),
  KEY `fixtures_round_id_foreign` (`round_id`),
  KEY `constrained_index_unique` (`league_id`,`season_id`,`round_id`),
  CONSTRAINT `fixtures_league_id_foreign` FOREIGN KEY (`league_id`) REFERENCES `leagues` (`id`),
  CONSTRAINT `fixtures_round_id_foreign` FOREIGN KEY (`round_id`) REFERENCES `rounds` (`id`),
  CONSTRAINT `fixtures_season_id_foreign` FOREIGN KEY (`season_id`) REFERENCES `seasons` (`id`)
) ENGINE=InnoDB AUTO_INCREMENT=1016063 DEFAULT CHARSET=utf8mb4 COLLATE=utf8mb4_unicode_ci;
/*!40101 SET character_set_client = @saved_cs_client */;

--
-- Dumping data for table `fixtures`
--

LOCK TABLES `fixtures` WRITE;
/*!40000 ALTER TABLE `fixtures` DISABLE KEYS */;
INSERT INTO `fixtures` VALUES (855734,'UTC','2022-11-21 16:00:00','Match Finished','FT','2022-11-21 18:02:02','Group Stage - 1',1,1,1,0),(855735,'UTC','2022-11-21 13:00:00','Match Finished','FT','2022-11-21 15:14:03','Group Stage - 1',1,1,1,0),(855736,'UTC','2022-11-20 16:00:00','Match Finished','FT','2022-11-20 18:01:02','Group Stage - 1',1,1,1,0),(855737,'UTC','2022-11-22 10:00:00','Match Finished','FT','2022-11-22 12:08:02','Group Stage - 1',1,1,1,0),(855738,'UTC','2022-11-22 13:00:00','Match Finished','FT','2022-11-22 14:59:02','Group Stage - 1',1,1,1,0),(855739,'UTC','2022-11-22 16:00:00','Match Finished','FT','2022-11-22 17:57:02','Group Stage - 1',1,1,1,0),(855740,'UTC','2022-11-23 10:00:00','Match Finished','FT','2022-11-23 11:56:02','Group Stage - 1',1,1,1,0),(855741,'UTC','2022-11-23 13:00:00','Match Finished','FT','2022-11-23 15:01:02','Group Stage - 1',1,1,1,0),(855742,'UTC','2022-11-23 19:00:00','Match Finished','FT','2022-11-23 20:57:02','Group Stage - 1',1,1,1,0),(855743,'UTC','2022-11-24 10:00:00','Match Finished','FT','2022-11-24 11:58:03','Group Stage - 1',1,1,1,0),(855744,'UTC','2022-11-24 13:00:00','Match Finished','FT','2022-11-24 14:56:02','Group Stage - 1',1,1,1,0),(855745,'UTC','2022-11-24 16:00:00','Match Finished','FT','2022-11-24 17:59:02','Group Stage - 1',1,1,1,0),(855746,'UTC','2022-11-24 19:00:00','Match Finished','FT','2022-11-24 20:56:02','Group Stage - 1',1,1,1,0),(855747,'UTC','2022-11-25 13:00:00','Match Finished','FT','2022-11-25 15:01:02','Group Stage - 2',1,1,2,0),(855748,'UTC','2022-11-25 16:00:00','Match Finished','FT','2022-11-25 17:58:02','Group Stage - 2',1,1,2,0),(855749,'UTC','2022-11-25 19:00:00','Match Finished','FT','2022-11-25 20:53:02','Group Stage - 2',1,1,2,0),(855750,'UTC','2022-11-26 13:00:00','Match Finished','FT','2022-11-26 16:50:13','Group Stage - 2',1,1,2,0),(855751,'UTC','2022-11-26 16:00:00','Match Finished','FT','2022-11-26 18:00:02','Group Stage - 2',1,1,2,0),(855752,'UTC','2022-11-26 19:00:00','Match Finished','FT','2022-11-26 20:59:02','Group Stage - 2',1,1,2,0),(855753,'UTC','2022-11-27 13:00:00','Match Finished','FT','2022-11-27 14:57:02','Group Stage - 2',1,1,2,0),(855754,'UTC','2022-11-27 16:00:00','Match Finished','FT','2022-11-27 17:58:02','Group Stage - 2',1,1,2,0),(855755,'UTC','2022-11-27 19:00:00','Match Finished','FT','2022-11-27 20:55:03','Group Stage - 2',1,1,2,0),(855756,'UTC','2022-11-28 10:00:00','Match Finished','FT','2022-11-28 12:02:02','Group Stage - 2',1,1,2,0),(855757,'UTC','2022-11-28 13:00:00','Match Finished','FT','2022-11-28 15:02:02','Group Stage - 2',1,1,2,0),(855758,'UTC','2022-11-28 16:00:00','Match Finished','FT','2022-11-28 17:54:02','Group Stage - 2',1,1,2,0),(855759,'UTC','2022-11-28 19:00:00','Match Finished','FT','2022-11-28 21:00:02','Group Stage - 2',1,1,2,0),(855760,'UTC','2022-11-29 15:00:00','Match Finished','FT','2022-11-29 16:55:03','Group Stage - 3',1,1,3,0),(855761,'UTC','2022-11-29 15:00:00','Match Finished','FT','2022-11-29 16:59:03','Group Stage - 3',1,1,3,0),(855762,'UTC','2022-11-29 19:00:00','Match Finished','FT','2022-11-29 21:04:03','Group Stage - 3',1,1,3,0),(855763,'UTC','2022-11-30 15:00:00','Match Finished','FT','2022-11-30 16:58:02','Group Stage - 3',1,1,3,0),(855764,'UTC','2022-11-30 19:00:00','Match Finished','FT','2022-11-30 20:57:02','Group Stage - 3',1,1,3,0),(855765,'UTC','2022-11-30 19:00:00','Match Finished','FT','2022-11-30 21:01:02','Group Stage - 3',1,1,3,0),(855766,'UTC','2022-12-01 15:00:00','Match Finished','FT','2022-12-01 16:55:02','Group Stage - 3',1,1,3,0),(855767,'UTC','2022-12-01 15:00:00','Match Finished','FT','2022-12-01 16:56:02','Group Stage - 3',1,1,3,0),(855768,'UTC','2022-12-01 19:00:00','Match Finished','FT','2022-12-01 20:55:02','Group Stage - 3',1,1,3,0),(855769,'UTC','2022-12-02 15:00:00','Match Finished','FT','2022-12-02 16:56:02','Group Stage - 3',1,1,3,0),(855770,'UTC','2022-12-02 15:00:00','Match Finished','FT','2022-12-02 17:05:02','Group Stage - 3',1,1,3,0),(855771,'UTC','2022-12-02 19:00:00','Match Finished','FT','2022-12-02 21:01:02','Group Stage - 3',1,1,3,0),(855772,'UTC','2022-12-02 19:00:00','Match Finished','FT','2022-12-02 21:01:03','Group Stage - 3',1,1,3,0),(866681,'UTC','2022-11-21 19:00:00','Match Finished','FT','2022-11-21 21:02:03','Group Stage - 1',1,1,1,0),(866682,'UTC','2022-11-25 10:00:00','Match Finished','FT','2022-11-25 12:04:02','Group Stage - 2',1,1,2,0),(866683,'UTC','2022-11-29 19:00:00','Match Finished','FT','2022-11-29 20:55:03','Group Stage - 3',1,1,3,0),(867946,'UTC','2022-08-05 19:00:00','Match Finished','FT','2022-08-05 14:30:00','Regular Season - 1',39,1,22,0),(867947,'UTC','2022-08-06 11:30:00','Match Finished','FT','2022-08-06 07:00:00','Regular Season - 1',39,1,22,0),(867948,'UTC','2022-08-06 14:00:00','Match Finished','FT','2022-08-06 09:30:00','Regular Season - 1',39,1,22,0),(867949,'UTC','2022-08-06 14:00:00','Match Finished','FT','2022-08-06 09:30:00','Regular Season - 1',39,1,22,0),(867950,'UTC','2022-08-07 13:00:00','Match Finished','FT','2022-08-07 08:30:00','Regular Season - 1',39,1,22,0),(867951,'UTC','2022-08-06 14:00:00','Match Finished','FT','2022-08-06 09:30:00','Regular Season - 1',39,1,22,0),(867952,'UTC','2022-08-06 14:00:00','Match Finished','FT','2022-08-06 09:30:00','Regular Season - 1',39,1,22,0),(867953,'UTC','2022-08-06 16:30:00','Match Finished','FT','2022-08-06 12:00:00','Regular Season - 1',39,1,22,0),(867954,'UTC','2022-08-07 13:00:00','Match Finished','FT','2022-08-07 08:30:00','Regular Season - 1',39,1,22,0),(867955,'UTC','2022-08-07 15:30:00','Match Finished','FT','2022-08-07 11:00:00','Regular Season - 1',39,1,22,0),(867956,'UTC','2022-08-13 14:00:00','Match Finished','FT','2022-08-13 09:30:00','Regular Season - 2',39,1,23,0),(867957,'UTC','2022-08-13 11:30:00','Match Finished','FT','2022-08-13 07:00:00','Regular Season - 2',39,1,23,0),(867958,'UTC','2022-08-13 16:30:00','Match Finished','FT','2022-08-13 12:00:00','Regular Season - 2',39,1,23,0),(867959,'UTC','2022-08-13 14:00:00','Match Finished','FT','2022-08-13 09:30:00','Regular Season - 2',39,1,23,0),(867960,'UTC','2022-08-14 15:30:00','Match Finished','FT','2022-08-14 11:00:00','Regular Season - 2',39,1,23,0),(867961,'UTC','2022-08-15 19:00:00','Match Finished','FT','2022-08-15 14:30:00','Regular Season - 2',39,1,23,0),(867962,'UTC','2022-08-13 14:00:00','Match Finished','FT','2022-08-13 09:30:00','Regular Season - 2',39,1,23,0),(867963,'UTC','2022-08-14 13:00:00','Match Finished','FT','2022-08-14 08:30:00','Regular Season - 2',39,1,23,0),(867964,'UTC','2022-08-13 14:00:00','Match Finished','FT','2022-08-13 09:30:00','Regular Season - 2',39,1,23,0),(867965,'UTC','2022-08-13 14:00:00','Match Finished','FT','2022-08-13 09:30:00','Regular Season - 2',39,1,23,0),(867966,'UTC','2022-08-20 16:30:00','Match Finished','FT','2022-08-20 12:00:00','Regular Season - 3',39,1,24,0),(867967,'UTC','2022-08-20 14:00:00','Match Finished','FT','2022-08-20 09:30:00','Regular Season - 3',39,1,24,0),(867968,'UTC','2022-08-20 14:00:00','Match Finished','FT','2022-08-20 09:30:00','Regular Season - 3',39,1,24,0),(867969,'UTC','2022-08-20 14:00:00','Match Finished','FT','2022-08-20 09:30:00','Regular Season - 3',39,1,24,0),(867970,'UTC','2022-08-21 13:00:00','Match Finished','FT','2022-08-21 08:30:00','Regular Season - 3',39,1,24,0),(867971,'UTC','2022-08-20 14:00:00','Match Finished','FT','2022-08-20 09:30:00','Regular Season - 3',39,1,24,0),(867972,'UTC','2022-08-22 19:00:00','Match Finished','FT','2022-08-22 14:30:00','Regular Season - 3',39,1,24,0),(867973,'UTC','2022-08-21 15:30:00','Match Finished','FT','2022-08-21 11:00:00','Regular Season - 3',39,1,24,0),(867974,'UTC','2022-08-20 11:30:00','Match Finished','FT','2022-08-20 07:00:00','Regular Season - 3',39,1,24,0),(867975,'UTC','2022-08-21 13:00:00','Match Finished','FT','2022-08-21 08:30:00','Regular Season - 3',39,1,24,0),(867976,'UTC','2022-08-27 16:30:00','Match Finished','FT','2022-08-27 12:00:00','Regular Season - 4',39,1,25,0),(867977,'UTC','2022-08-28 13:00:00','Match Finished','FT','2022-08-28 08:30:00','Regular Season - 4',39,1,25,0),(867978,'UTC','2022-08-27 14:00:00','Match Finished','FT','2022-08-27 09:30:00','Regular Season - 4',39,1,25,0),(867979,'UTC','2022-08-27 14:00:00','Match Finished','FT','2022-08-27 09:30:00','Regular Season - 4',39,1,25,0),(867980,'UTC','2022-08-27 14:00:00','Match Finished','FT','2022-08-27 09:30:00','Regular Season - 4',39,1,25,0),(867981,'UTC','2022-08-27 14:00:00','Match Finished','FT','2022-08-27 09:30:00','Regular Season - 4',39,1,25,0),(867982,'UTC','2022-08-27 14:00:00','Match Finished','FT','2022-08-27 09:30:00','Regular Season - 4',39,1,25,0),(867983,'UTC','2022-08-28 15:30:00','Match Finished','FT','2022-08-28 11:00:00','Regular Season - 4',39,1,25,0),(867984,'UTC','2022-08-27 11:30:00','Match Finished','FT','2022-08-27 07:00:00','Regular Season - 4',39,1,25,0),(867985,'UTC','2022-08-28 13:00:00','Match Finished','FT','2022-08-28 08:30:00','Regular Season - 4',39,1,25,0),(867986,'UTC','2022-08-31 18:30:00','Match Finished','FT','2022-08-31 14:00:00','Regular Season - 5',39,1,26,0),(867987,'UTC','2022-08-31 18:30:00','Match Finished','FT','2022-08-31 14:00:00','Regular Season - 5',39,1,26,0),(867988,'UTC','2022-08-30 18:30:00','Match Finished','FT','2022-08-30 14:00:00','Regular Season - 5',39,1,26,0),(867989,'UTC','2022-08-30 19:00:00','Match Finished','FT','2022-08-30 14:30:00','Regular Season - 5',39,1,26,0),(867990,'UTC','2022-09-01 19:00:00','Match Finished','FT','2022-09-01 14:30:00','Regular Season - 5',39,1,26,0),(867991,'UTC','2022-08-31 18:45:00','Match Finished','FT','2022-08-31 14:15:00','Regular Season - 5',39,1,26,0),(867992,'UTC','2022-08-30 18:30:00','Match Finished','FT','2022-08-30 14:00:00','Regular Season - 5',39,1,26,0),(867993,'UTC','2022-08-30 18:45:00','Match Finished','FT','2022-08-30 14:15:00','Regular Season - 5',39,1,26,0),(867994,'UTC','2022-08-31 19:00:00','Match Finished','FT','2022-08-31 14:30:00','Regular Season - 5',39,1,26,0),(867995,'UTC','2022-08-31 18:30:00','Match Finished','FT','2022-08-31 14:00:00','Regular Season - 5',39,1,26,0),(867996,'UTC','2022-09-03 16:30:00','Match Finished','FT','2022-09-03 12:00:00','Regular Season - 6',39,1,27,0),(867997,'UTC','2022-09-03 14:00:00','Match Finished','FT','2022-09-03 09:30:00','Regular Season - 6',39,1,27,0),(867998,'UTC','2022-09-04 13:00:00','Match Finished','FT','2022-09-04 08:30:00','Regular Season - 6',39,1,27,0),(867999,'UTC','2022-09-03 14:00:00','Match Finished','FT','2022-09-03 09:30:00','Regular Season - 6',39,1,27,0),(868000,'UTC','2022-09-03 11:30:00','Match Finished','FT','2022-09-03 07:00:00','Regular Season - 6',39,1,27,0),(868001,'UTC','2022-09-04 15:30:00','Match Finished','FT','2022-09-04 11:00:00','Regular Season - 6',39,1,27,0),(868002,'UTC','2022-09-03 14:00:00','Match Finished','FT','2022-09-03 09:30:00','Regular Season - 6',39,1,27,0),(868003,'UTC','2022-09-03 14:00:00','Match Finished','FT','2022-09-03 09:30:00','Regular Season - 6',39,1,27,0),(868004,'UTC','2022-09-03 14:00:00','Match Finished','FT','2022-09-03 09:30:00','Regular Season - 6',39,1,27,0),(868005,'UTC','2022-09-03 14:00:00','Match Finished','FT','2022-09-03 09:30:00','Regular Season - 6',39,1,27,0),(868006,'UTC','2023-04-04 18:45:00','Match Finished','FT','2023-04-04 20:43:02','Regular Season - 7',39,1,28,0),(868007,'UTC','2023-03-01 19:45:00','Match Finished','FT','2023-03-01 21:39:02','Regular Season - 7',39,1,28,0),(868008,'UTC','2023-01-18 20:00:00','Match Finished','FT','2023-01-18 21:55:02','Regular Season - 7',39,1,28,0),(868009,'UTC','2023-01-12 20:00:00','Match Finished','FT',NULL,'Regular Season - 7',39,1,28,0),(868010,'UTC','2023-04-04 18:45:00','Match Finished','FT','2023-04-04 20:40:02','Regular Season - 7',39,1,28,0),(868011,'UTC','2023-04-04 18:45:00','Match Finished','FT','2023-04-04 20:41:03','Regular Season - 7',39,1,28,0),(868012,'UTC','2023-03-01 20:00:00','Match Finished','FT','2023-03-01 21:55:02','Regular Season - 7',39,1,28,0),(868013,'UTC','2023-01-19 20:00:00','Match Finished','FT','2023-01-19 21:54:02','Regular Season - 7',39,1,28,0),(868014,'UTC','2023-03-15 19:30:00','Match Finished','FT','2023-03-15 21:29:03','Regular Season - 7',39,1,28,0),(868015,'UTC','2023-04-05 19:00:00','Match Finished','FT','2023-04-05 20:56:02','Regular Season - 7',39,1,28,0),(868016,'UTC','2022-09-16 19:00:00','Match Finished','FT','2022-09-16 14:30:00','Regular Season - 8',39,1,29,0),(868017,'UTC','2022-09-18 11:00:00','Match Finished','FT','2022-09-18 06:30:00','Regular Season - 8',39,1,29,0),(868018,'UTC','2023-03-15 19:30:00','Match Finished','FT','2023-03-15 21:28:03','Regular Season - 8',39,1,29,0),(868019,'UTC','2023-04-04 19:00:00','Match Finished','FT','2023-04-04 20:56:02','Regular Season - 8',39,1,29,0),(868020,'UTC','2022-09-18 13:15:00','Match Finished','FT','2022-09-18 08:45:00','Regular Season - 8',39,1,29,0),(868021,'UTC','2023-02-08 20:00:00','Match Finished','FT','2023-02-08 22:01:02','Regular Season - 8',39,1,29,0),(868022,'UTC','2022-09-17 14:00:00','Match Finished','FT','2022-09-17 09:30:00','Regular Season - 8',39,1,29,0),(868023,'UTC','2022-09-16 19:00:00','Match Finished','FT','2022-09-16 14:30:00','Regular Season - 8',39,1,29,0),(868024,'UTC','2022-09-17 16:30:00','Match Finished','FT','2022-09-17 12:00:00','Regular Season - 8',39,1,29,0),(868025,'UTC','2022-09-17 11:30:00','Match Finished','FT','2022-09-17 07:00:00','Regular Season - 8',39,1,29,0),(868026,'UTC','2022-10-01 14:00:00','Match Finished','FT','2022-10-01 09:30:00','Regular Season - 9',39,1,30,0),(868027,'UTC','2022-10-01 11:30:00','Match Finished','FT','2022-10-01 07:00:00','Regular Season - 9',39,1,30,0),(868028,'UTC','2022-10-01 14:00:00','Match Finished','FT','2022-10-01 09:30:00','Regular Season - 9',39,1,30,0),(868029,'UTC','2022-10-01 14:00:00','Match Finished','FT','2022-10-01 09:30:00','Regular Season - 9',39,1,30,0),(868030,'UTC','2022-10-02 15:30:00','Match Finished','FT','2022-10-02 11:00:00','Regular Season - 9',39,1,30,0),(868031,'UTC','2022-10-03 19:00:00','Match Finished','FT','2022-10-03 14:30:00','Regular Season - 9',39,1,30,0),(868032,'UTC','2022-10-01 14:00:00','Match Finished','FT','2022-10-01 09:30:00','Regular Season - 9',39,1,30,0),(868033,'UTC','2022-10-02 13:00:00','Match Finished','FT','2022-10-02 08:30:00','Regular Season - 9',39,1,30,0),(868034,'UTC','2022-10-01 14:00:00','Match Finished','FT','2022-10-01 09:30:00','Regular Season - 9',39,1,30,0),(868035,'UTC','2022-10-01 16:30:00','Match Finished','FT','2022-10-01 12:00:00','Regular Season - 9',39,1,30,0),(868036,'UTC','2022-10-08 14:00:00','Match Finished','FT','2022-10-08 09:30:00','Regular Season - 10',39,1,31,0),(868037,'UTC','2022-10-09 15:30:00','Match Finished','FT','2022-10-09 11:00:00','Regular Season - 10',39,1,31,0),(868038,'UTC','2022-10-08 16:30:00','Match Finished','FT','2022-10-08 12:00:00','Regular Season - 10',39,1,31,0),(868039,'UTC','2022-10-08 14:00:00','Match Finished','FT','2022-10-08 09:30:00','Regular Season - 10',39,1,31,0),(868040,'UTC','2022-10-09 13:00:00','Match Finished','FT','2022-10-09 08:30:00','Regular Season - 10',39,1,31,0),(868041,'UTC','2022-10-09 18:00:00','Match Finished','FT','2022-10-09 13:30:00','Regular Season - 10',39,1,31,0),(868042,'UTC','2022-10-08 14:00:00','Match Finished','FT','2022-10-08 09:30:00','Regular Season - 10',39,1,31,0),(868043,'UTC','2022-10-08 14:00:00','Match Finished','FT','2022-10-08 09:30:00','Regular Season - 10',39,1,31,0),(868044,'UTC','2022-10-10 19:00:00','Match Finished','FT','2022-10-10 14:30:00','Regular Season - 10',39,1,31,0),(868045,'UTC','2022-10-09 13:00:00','Match Finished','FT','2022-10-09 08:30:00','Regular Season - 10',39,1,31,0),(868046,'UTC','2022-10-16 13:00:00','Match Finished','FT','2022-10-16 08:30:00','Regular Season - 11',39,1,32,0),(868047,'UTC','2022-10-14 19:00:00','Match Finished','FT','2022-10-14 14:30:00','Regular Season - 11',39,1,32,0),(868048,'UTC','2022-10-15 14:00:00','Match Finished','FT','2022-10-15 09:30:00','Regular Season - 11',39,1,32,0),(868049,'UTC','2022-10-16 13:00:00','Match Finished','FT','2022-10-16 08:30:00','Regular Season - 11',39,1,32,0),(868050,'UTC','2022-10-15 11:30:00','Match Finished','FT','2022-10-15 07:00:00','Regular Season - 11',39,1,32,0),(868051,'UTC','2022-10-16 15:30:00','Match Finished','FT','2022-10-16 11:00:00','Regular Season - 11',39,1,32,0),(868052,'UTC','2022-10-16 13:00:00','Match Finished','FT','2022-10-16 08:30:00','Regular Season - 11',39,1,32,0),(868053,'UTC','2022-10-16 13:00:00','Match Finished','FT','2022-10-16 08:30:00','Regular Season - 11',39,1,32,0),(868054,'UTC','2022-10-15 16:30:00','Match Finished','FT','2022-10-15 12:00:00','Regular Season - 11',39,1,32,0),(868055,'UTC','2022-10-15 14:00:00','Match Finished','FT','2022-10-15 09:30:00','Regular Season - 11',39,1,32,0),(868056,'UTC','2022-10-19 18:30:00','Match Finished','FT','2022-10-19 14:00:00','Regular Season - 12',39,1,33,0),(868057,'UTC','2023-02-15 19:30:00','Match Finished','FT','2023-02-15 21:30:02','Regular Season - 12',39,1,33,0),(868058,'UTC','2022-10-19 18:30:00','Match Finished','FT','2022-10-19 14:00:00','Regular Season - 12',39,1,33,0),(868059,'UTC','2022-10-18 18:30:00','Match Finished','FT','2022-10-18 14:00:00','Regular Season - 12',39,1,33,0),(868060,'UTC','2022-10-20 18:30:00','Match Finished','FT','2022-10-20 14:00:00','Regular Season - 12',39,1,33,0),(868061,'UTC','2022-10-20 19:15:00','Match Finished','FT','2022-10-20 14:45:00','Regular Season - 12',39,1,33,0),(868062,'UTC','2022-10-18 19:15:00','Match Finished','FT','2022-10-18 14:45:00','Regular Season - 12',39,1,33,0),(868063,'UTC','2022-10-19 18:30:00','Match Finished','FT','2022-10-19 14:00:00','Regular Season - 12',39,1,33,0),(868064,'UTC','2022-10-19 18:30:00','Match Finished','FT','2022-10-19 14:00:00','Regular Season - 12',39,1,33,0),(868065,'UTC','2022-10-19 19:15:00','Match Finished','FT','2022-10-19 14:45:00','Regular Season - 12',39,1,33,0),(868066,'UTC','2022-10-23 13:00:00','Match Finished','FT','2022-10-23 08:30:00','Regular Season - 13',39,1,34,0),(868067,'UTC','2022-10-22 16:30:00','Match Finished','FT','2022-10-22 12:00:00','Regular Season - 13',39,1,34,0),(868068,'UTC','2022-10-22 14:00:00','Match Finished','FT','2022-10-22 09:30:00','Regular Season - 13',39,1,34,0),(868069,'UTC','2022-10-23 13:00:00','Match Finished','FT','2022-10-23 08:30:00','Regular Season - 13',39,1,34,0),(868070,'UTC','2022-10-22 14:00:00','Match Finished','FT','2022-10-22 09:30:00','Regular Season - 13',39,1,34,0),(868071,'UTC','2022-10-22 11:30:00','Match Finished','FT','2022-10-22 07:00:00','Regular Season - 13',39,1,34,0),(868072,'UTC','2022-10-23 13:00:00','Match Finished','FT','2022-10-23 08:30:00','Regular Season - 13',39,1,34,0),(868073,'UTC','2022-10-23 15:30:00','Match Finished','FT','2022-10-23 11:00:00','Regular Season - 13',39,1,34,0),(868074,'UTC','2022-10-24 19:00:00','Match Finished','FT','2022-10-24 14:30:00','Regular Season - 13',39,1,34,0),(868075,'UTC','2022-10-23 13:00:00','Match Finished','FT','2022-10-23 08:30:00','Regular Season - 13',39,1,34,0),(868076,'UTC','2022-10-29 14:00:00','Match Finished','FT','2022-10-29 09:30:00','Regular Season - 14',39,1,35,0),(868077,'UTC','2022-10-30 14:00:00','Match Finished','FT','2022-10-30 09:30:00','Regular Season - 14',39,1,35,0),(868078,'UTC','2022-10-29 14:00:00','Match Finished','FT','2022-10-29 09:30:00','Regular Season - 14',39,1,35,0),(868079,'UTC','2022-10-29 14:00:00','Match Finished','FT','2022-10-29 09:30:00','Regular Season - 14',39,1,35,0),(868080,'UTC','2022-10-29 14:00:00','Match Finished','FT','2022-10-29 09:30:00','Regular Season - 14',39,1,35,0),(868081,'UTC','2022-10-29 16:30:00','Match Finished','FT','2022-10-29 12:00:00','Regular Season - 14',39,1,35,0),(868082,'UTC','2022-10-29 11:30:00','Match Finished','FT','2022-10-29 07:00:00','Regular Season - 14',39,1,35,0),(868083,'UTC','2022-10-29 18:45:00','Match Finished','FT','2022-10-29 14:15:00','Regular Season - 14',39,1,35,0),(868084,'UTC','2022-10-30 16:15:00','Match Finished','FT','2022-10-30 11:45:00','Regular Season - 14',39,1,35,0),(868085,'UTC','2022-10-29 14:00:00','Match Finished','FT','2022-10-29 09:30:00','Regular Season - 14',39,1,35,0),(868086,'UTC','2022-11-06 14:00:00','Match Finished','FT','2022-11-06 15:58:03','Regular Season - 15',39,1,36,0),(868087,'UTC','2022-11-06 12:00:00','Match Finished','FT','2022-11-06 13:55:02','Regular Season - 15',39,1,36,0),(868088,'UTC','2022-11-05 17:30:00','Match Finished','FT','2022-11-05 19:25:03','Regular Season - 15',39,1,36,0),(868089,'UTC','2022-11-05 15:00:00','Match Finished','FT','2022-11-05 16:58:02','Regular Season - 15',39,1,36,0),(868090,'UTC','2022-11-05 15:00:00','Match Finished','FT','2022-11-05 16:59:03','Regular Season - 15',39,1,36,0),(868091,'UTC','2022-11-05 15:00:00','Match Finished','FT','2022-11-05 17:00:03','Regular Season - 15',39,1,36,0),(868092,'UTC','2022-11-06 14:00:00','Match Finished','FT','2022-11-06 15:57:03','Regular Season - 15',39,1,36,0),(868093,'UTC','2022-11-06 16:30:00','Match Finished','FT','2022-11-06 18:23:02','Regular Season - 15',39,1,36,0),(868094,'UTC','2022-11-06 14:00:00','Match Finished','FT','2022-11-06 15:56:04','Regular Season - 15',39,1,36,0),(868095,'UTC','2022-11-05 15:00:00','Match Finished','FT','2022-11-05 17:00:06','Regular Season - 15',39,1,36,0),(868096,'UTC','2022-11-12 15:00:00','Match Finished','FT','2022-11-12 16:59:02','Regular Season - 16',39,1,37,0),(868097,'UTC','2022-11-13 14:00:00','Match Finished','FT','2022-11-13 16:01:02','Regular Season - 16',39,1,37,0),(868098,'UTC','2022-11-13 16:30:00','Match Finished','FT','2022-11-13 18:23:02','Regular Season - 16',39,1,37,0),(868099,'UTC','2022-11-12 15:00:00','Match Finished','FT','2022-11-12 16:55:03','Regular Season - 16',39,1,37,0),(868100,'UTC','2022-11-12 12:30:00','Match Finished','FT','2022-11-12 14:34:02','Regular Season - 16',39,1,37,0),(868101,'UTC','2022-11-12 17:30:00','Match Finished','FT','2022-11-12 19:31:02','Regular Season - 16',39,1,37,0),(868102,'UTC','2022-11-12 15:00:00','Match Finished','FT','2022-11-12 16:57:04','Regular Season - 16',39,1,37,0),(868103,'UTC','2022-11-12 15:00:00','Match Finished','FT','2022-11-12 16:54:06','Regular Season - 16',39,1,37,0),(868104,'UTC','2022-11-12 15:00:00','Match Finished','FT','2022-11-12 16:57:04','Regular Season - 16',39,1,37,0),(868105,'UTC','2022-11-12 19:45:00','Match Finished','FT','2022-11-12 21:41:02','Regular Season - 16',39,1,37,0),(868106,'UTC','2022-12-26 20:00:00','Match Finished','FT','2022-12-26 22:00:03','Regular Season - 17',39,1,38,0),(868107,'UTC','2022-12-26 17:30:00','Match Finished','FT','2022-12-26 19:28:02','Regular Season - 17',39,1,38,0),(868108,'UTC','2022-12-26 12:30:00','Match Finished','FT','2022-12-26 14:29:02','Regular Season - 17',39,1,38,0),(868109,'UTC','2022-12-27 17:30:00','Match Finished','FT','2022-12-27 19:27:02','Regular Season - 17',39,1,38,0),(868110,'UTC','2022-12-26 15:00:00','Match Finished','FT','2022-12-26 16:55:02','Regular Season - 17',39,1,38,0),(868111,'UTC','2022-12-26 15:00:00','Match Finished','FT','2022-12-26 16:55:03','Regular Season - 17',39,1,38,0),(868112,'UTC','2022-12-28 20:00:00','Match Finished','FT','2022-12-28 21:56:02','Regular Season - 17',39,1,38,0),(868113,'UTC','2022-12-26 15:00:00','Match Finished','FT','2022-12-26 16:54:03','Regular Season - 17',39,1,38,0),(868114,'UTC','2022-12-27 20:00:00','Match Finished','FT','2022-12-27 21:55:02','Regular Season - 17',39,1,38,0),(868115,'UTC','2022-12-26 15:00:00','Match Finished','FT','2022-12-26 16:54:04','Regular Season - 17',39,1,38,0),(868116,'UTC','2022-12-31 15:00:00','Match Finished','FT','2022-12-31 16:53:02','Regular Season - 18',39,1,39,0),(868117,'UTC','2022-12-31 17:30:00','Match Finished','FT','2022-12-31 19:27:02','Regular Season - 18',39,1,39,0),(868118,'UTC','2022-12-31 15:00:00','Match Finished','FT','2022-12-31 17:00:02','Regular Season - 18',39,1,39,0),(868119,'UTC','2022-12-30 20:00:00','Match Finished','FT','2022-12-30 21:56:02','Regular Season - 18',39,1,39,0),(868120,'UTC','2022-12-31 15:00:00','Match Finished','FT','2022-12-31 17:05:02','Regular Season - 18',39,1,39,0),(868121,'UTC','2022-12-31 15:00:00','Match Finished','FT','2022-12-31 17:00:03','Regular Season - 18',39,1,39,0),(868122,'UTC','2023-01-01 16:30:00','Match Finished','FT','2023-01-01 18:22:02','Regular Season - 18',39,1,39,0),(868123,'UTC','2023-01-01 14:00:00','Match Finished','FT','2023-01-01 15:56:02','Regular Season - 18',39,1,39,0),(868124,'UTC','2022-12-30 19:45:00','Match Finished','FT','2022-12-30 21:43:03','Regular Season - 18',39,1,39,0),(868125,'UTC','2022-12-31 12:30:00','Match Finished','FT','2022-12-31 14:25:02','Regular Season - 18',39,1,39,0),(868126,'UTC','2023-01-03 19:45:00','Match Finished','FT','2023-01-03 21:41:02','Regular Season - 19',39,1,40,0),(868127,'UTC','2023-01-04 20:00:00','Match Finished','FT','2023-01-04 21:54:02','Regular Season - 19',39,1,40,0),(868128,'UTC','2023-01-02 17:30:00','Match Finished','FT','2023-01-02 19:28:02','Regular Season - 19',39,1,40,0),(868129,'UTC','2023-01-05 20:00:00','Match Finished','FT','2023-01-05 21:54:03','Regular Season - 19',39,1,40,0),(868130,'UTC','2023-01-04 20:00:00','Match Finished','FT','2023-01-04 21:52:03','Regular Season - 19',39,1,40,0),(868131,'UTC','2023-01-03 19:45:00','Match Finished','FT','2023-01-03 21:38:02','Regular Season - 19',39,1,40,0),(868132,'UTC','2023-01-04 19:45:00','Match Finished','FT','2023-01-04 21:43:03','Regular Season - 19',39,1,40,0),(868133,'UTC','2023-01-03 19:45:00','Match Finished','FT','2023-01-03 21:43:02','Regular Season - 19',39,1,40,0),(868134,'UTC','2023-01-03 20:00:00','Match Finished','FT','2023-01-03 21:52:02','Regular Season - 19',39,1,40,0),(868135,'UTC','2023-01-04 19:30:00','Match Finished','FT','2023-01-04 21:25:04','Regular Season - 19',39,1,40,0),(868136,'UTC','2023-01-13 20:00:00','Match Finished','FT','2023-01-13 22:04:02','Regular Season - 20',39,1,41,0),(868137,'UTC','2023-01-14 17:30:00','Match Finished','FT','2023-01-14 19:25:02','Regular Season - 20',39,1,41,0),(868138,'UTC','2023-01-14 15:00:00','Match Finished','FT','2023-01-14 16:53:02','Regular Season - 20',39,1,41,0),(868139,'UTC','2023-01-15 14:00:00','Match Finished','FT','2023-01-15 15:58:02','Regular Season - 20',39,1,41,0),(868140,'UTC','2023-01-14 15:00:00','Match Finished','FT','2023-01-14 16:56:02','Regular Season - 20',39,1,41,0),(868141,'UTC','2023-01-14 12:30:00','Match Finished','FT','2023-01-14 14:26:02','Regular Season - 20',39,1,41,0),(868142,'UTC','2023-01-15 14:00:00','Match Finished','FT','2023-01-15 15:59:02','Regular Season - 20',39,1,41,0),(868143,'UTC','2023-01-14 15:00:00','Match Finished','FT','2023-01-14 16:55:03','Regular Season - 20',39,1,41,0),(868144,'UTC','2023-01-15 16:30:00','Match Finished','FT','2023-01-15 18:27:02','Regular Season - 20',39,1,41,0),(868145,'UTC','2023-01-14 15:00:00','Match Finished','FT','2023-01-14 16:55:03','Regular Season - 20',39,1,41,0),(868146,'UTC','2023-01-21 15:00:00','Match Finished','FT','2023-01-21 16:57:03','Regular Season - 21',39,1,42,0),(868147,'UTC','2023-01-22 16:30:00','Match Finished','FT','2023-01-22 18:26:02','Regular Season - 21',39,1,42,0),(868148,'UTC','2023-01-21 17:30:00','Match Finished','FT','2023-01-21 19:24:02','Regular Season - 21',39,1,42,0),(868149,'UTC','2023-01-23 20:00:00','Match Finished','FT','2023-01-23 22:18:02','Regular Season - 21',39,1,42,0),(868150,'UTC','2023-01-22 14:00:00','Match Finished','FT','2023-01-22 15:53:02','Regular Season - 21',39,1,42,0),(868151,'UTC','2023-01-21 15:00:00','Match Finished','FT','2023-01-21 16:56:03','Regular Season - 21',39,1,42,0),(868152,'UTC','2023-01-21 12:30:00','Match Finished','FT','2023-01-21 14:27:02','Regular Season - 21',39,1,42,0),(868153,'UTC','2023-01-22 14:00:00','Match Finished','FT','2023-01-22 15:56:02','Regular Season - 21',39,1,42,0),(868154,'UTC','2023-01-21 15:00:00','Match Finished','FT','2023-01-21 17:05:02','Regular Season - 21',39,1,42,0),(868155,'UTC','2023-01-21 15:00:00','Match Finished','FT','2023-01-21 16:55:04','Regular Season - 21',39,1,42,0),(868156,'UTC','2023-02-04 15:00:00','Match Finished','FT','2023-02-04 16:56:02','Regular Season - 22',39,1,43,0),(868157,'UTC','2023-02-04 15:00:00','Match Finished','FT','2023-02-04 16:54:03','Regular Season - 22',39,1,43,0),(868158,'UTC','2023-02-04 15:00:00','Match Finished','FT','2023-02-04 16:57:02','Regular Season - 22',39,1,43,0),(868159,'UTC','2023-02-03 20:00:00','Match Finished','FT','2023-02-03 21:55:03','Regular Season - 22',39,1,43,0),(868160,'UTC','2023-02-04 12:30:00','Match Finished','FT','2023-02-04 14:28:02','Regular Season - 22',39,1,43,0),(868161,'UTC','2023-02-04 15:00:00','Match Finished','FT','2023-02-04 17:00:11','Regular Season - 22',39,1,43,0),(868162,'UTC','2023-02-04 17:30:00','Match Finished','FT','2023-02-04 19:24:02','Regular Season - 22',39,1,43,0),(868163,'UTC','2023-02-05 14:00:00','Match Finished','FT','2023-02-05 15:55:02','Regular Season - 22',39,1,43,0),(868164,'UTC','2023-02-05 16:30:00','Match Finished','FT','2023-02-05 18:26:02','Regular Season - 22',39,1,43,0),(868165,'UTC','2023-02-04 15:00:00','Match Finished','FT','2023-02-04 16:55:04','Regular Season - 22',39,1,43,0),(868166,'UTC','2023-02-11 17:30:00','Match Finished','FT','2023-02-11 19:28:03','Regular Season - 23',39,1,44,0),(868167,'UTC','2023-02-11 15:00:00','Match Finished','FT','2023-02-11 17:00:08','Regular Season - 23',39,1,44,0),(868168,'UTC','2023-02-11 15:00:00','Match Finished','FT','2023-02-11 16:54:02','Regular Season - 23',39,1,44,0),(868169,'UTC','2023-02-11 15:00:00','Match Finished','FT','2023-02-11 16:57:03','Regular Season - 23',39,1,44,0),(868170,'UTC','2023-02-12 14:00:00','Match Finished','FT','2023-02-12 15:56:02','Regular Season - 23',39,1,44,0),(868171,'UTC','2023-02-11 15:00:00','Match Finished','FT','2023-02-11 16:58:02','Regular Season - 23',39,1,44,0),(868172,'UTC','2023-02-13 20:00:00','Match Finished','FT','2023-02-13 21:53:02','Regular Season - 23',39,1,44,0),(868173,'UTC','2023-02-12 16:30:00','Match Finished','FT','2023-02-12 18:26:02','Regular Season - 23',39,1,44,0),(868174,'UTC','2023-02-11 15:00:00','Match Finished','FT','2023-02-11 16:58:03','Regular Season - 23',39,1,44,0),(868175,'UTC','2023-02-11 12:30:00','Match Finished','FT','2023-02-11 14:31:02','Regular Season - 23',39,1,44,0),(868176,'UTC','2023-02-18 12:30:00','Match Finished','FT','2023-02-18 14:30:02','Regular Season - 24',39,1,45,0),(868177,'UTC','2023-02-18 15:00:00','Match Finished','FT','2023-02-18 16:57:02','Regular Season - 24',39,1,45,0),(868178,'UTC','2023-02-18 15:00:00','Match Finished','FT','2023-02-18 16:58:02','Regular Season - 24',39,1,45,0),(868179,'UTC','2023-02-18 15:00:00','Match Finished','FT','2023-02-18 17:06:02','Regular Season - 24',39,1,45,0),(868180,'UTC','2023-02-18 15:00:00','Match Finished','FT','2023-02-18 16:54:03','Regular Season - 24',39,1,45,0),(868181,'UTC','2023-02-19 14:00:00','Match Finished','FT','2023-02-19 15:56:02','Regular Season - 24',39,1,45,0),(868182,'UTC','2023-02-18 17:30:00','Match Finished','FT','2023-02-18 19:25:02','Regular Season - 24',39,1,45,0),(868183,'UTC','2023-02-18 15:00:00','Match Finished','FT','2023-02-18 16:54:04','Regular Season - 24',39,1,45,0),(868184,'UTC','2023-02-19 16:30:00','Match Finished','FT','2023-02-19 18:25:02','Regular Season - 24',39,1,45,0),(868185,'UTC','2023-02-18 15:00:00','Match Finished','FT','2023-02-18 16:56:03','Regular Season - 24',39,1,45,0),(868186,'UTC','2023-02-25 17:30:00','Match Finished','FT','2023-02-25 19:22:03','Regular Season - 25',39,1,46,0),(868187,'UTC','2023-02-25 19:45:00','Match Finished','FT','2023-02-25 21:38:02','Regular Season - 25',39,1,46,0),(868188,'UTC','2023-02-25 15:00:00','Match Finished','FT','2023-02-25 16:56:02','Regular Season - 25',39,1,46,0),(868189,'UTC','2023-02-24 20:00:00','Match Finished','FT','2023-02-24 21:59:02','Regular Season - 25',39,1,46,0),(868190,'UTC','2023-02-25 15:00:00','Match Finished','FT','2023-02-25 16:54:03','Regular Season - 25',39,1,46,0),(868191,'UTC','2023-02-25 15:00:00','Match Finished','FT','2023-02-25 16:55:03','Regular Season - 25',39,1,46,0),(868192,'UTC','2023-04-05 19:00:00','Match Finished','FT','2023-04-05 20:55:03','Regular Season - 25',39,1,46,0),(868193,'UTC','2023-05-18 18:30:00','Not Started','NS',NULL,'Regular Season - 25',39,1,46,0),(868194,'UTC','2023-02-26 13:30:00','Match Finished','FT','2023-02-26 15:31:02','Regular Season - 25',39,1,46,0),(868195,'UTC','2023-02-25 15:00:00','Match Finished','FT','2023-02-25 16:56:03','Regular Season - 25',39,1,46,0),(868196,'UTC','2023-03-04 15:00:00','Match Finished','FT','2023-03-04 17:00:09','Regular Season - 26',39,1,47,0),(868197,'UTC','2023-03-04 15:00:00','Match Finished','FT','2023-03-04 16:56:02','Regular Season - 26',39,1,47,0),(868198,'UTC','2023-03-06 20:00:00','Match Finished','FT','2023-03-06 22:03:02','Regular Season - 26',39,1,47,0),(868199,'UTC','2023-03-04 15:00:00','Match Finished','FT','2023-03-04 16:53:03','Regular Season - 26',39,1,47,0),(868200,'UTC','2023-03-04 15:00:00','Match Finished','FT','2023-03-04 16:53:04','Regular Season - 26',39,1,47,0),(868201,'UTC','2023-03-05 16:30:00','Match Finished','FT','2023-03-05 18:22:02','Regular Season - 26',39,1,47,0),(868202,'UTC','2023-03-04 12:30:00','Match Finished','FT','2023-03-04 14:26:02','Regular Season - 26',39,1,47,0),(868203,'UTC','2023-03-05 14:00:00','Match Finished','FT','2023-03-05 15:56:02','Regular Season - 26',39,1,47,0),(868204,'UTC','2023-03-04 17:30:00','Match Finished','FT','2023-03-04 19:28:02','Regular Season - 26',39,1,47,0),(868205,'UTC','2023-03-04 15:00:00','Match Finished','FT','2023-03-04 16:59:03','Regular Season - 26',39,1,47,0),(868206,'UTC','2023-03-11 12:30:00','Match Finished','FT','2023-03-11 14:26:02','Regular Season - 27',39,1,48,0),(868207,'UTC','2023-03-11 17:30:00','Match Finished','FT','2023-03-11 19:23:03','Regular Season - 27',39,1,48,0),(868208,'UTC','2023-03-11 15:00:00','Match Finished','FT','2023-03-11 16:59:02','Regular Season - 27',39,1,48,0),(868209,'UTC','2023-03-12 14:00:00','Match Finished','FT','2023-03-12 15:54:02','Regular Season - 27',39,1,48,0),(868210,'UTC','2023-03-11 15:00:00','Match Finished','FT','2023-03-11 16:54:02','Regular Season - 27',39,1,48,0),(868211,'UTC','2023-03-11 15:00:00','Match Finished','FT','2023-03-11 17:00:03','Regular Season - 27',39,1,48,0),(868212,'UTC','2023-03-12 14:00:00','Match Finished','FT','2023-03-12 15:55:03','Regular Season - 27',39,1,48,0),(868213,'UTC','2023-03-12 16:30:00','Match Finished','FT','2023-03-12 18:27:02','Regular Season - 27',39,1,48,0),(868214,'UTC','2023-03-11 15:00:00','Match Finished','FT','2023-03-11 16:58:03','Regular Season - 27',39,1,48,0),(868215,'UTC','2023-03-12 14:00:00','Match Finished','FT','2023-03-12 15:57:02','Regular Season - 27',39,1,48,0),(868216,'UTC','2023-03-19 14:00:00','Match Finished','FT','2023-03-19 15:55:02','Regular Season - 28',39,1,49,0),(868217,'UTC','2023-03-18 15:00:00','Match Finished','FT','2023-03-18 16:55:03','Regular Season - 28',39,1,49,0),(868218,'UTC','2023-03-18 15:00:00','Match Finished','FT','2023-03-18 16:57:02','Regular Season - 28',39,1,49,0),(868219,'UTC','2023-05-04 19:00:00','Match Finished','FT','2023-05-04 21:02:02','Regular Season - 28',39,1,49,0),(868220,'UTC','2023-03-18 17:30:00','Match Finished','FT','2023-03-18 19:26:02','Regular Season - 28',39,1,49,0),(868221,'UTC','2023-05-03 19:00:00','Match Finished','FT','2023-05-03 20:53:02','Regular Season - 28',39,1,49,0),(868222,'UTC','2023-05-03 19:00:00','Match Finished','FT','2023-05-03 20:53:03','Regular Season - 28',39,1,49,0),(868223,'UTC','2023-03-17 20:00:00','Match Finished','FT','2023-03-17 21:58:03','Regular Season - 28',39,1,49,0),(868224,'UTC','2023-03-18 15:00:00','Match Finished','FT','2023-03-18 17:02:03','Regular Season - 28',39,1,49,0),(868225,'UTC','2023-03-18 15:00:00','Match Finished','FT','2023-03-18 17:03:03','Regular Season - 28',39,1,49,0),(868226,'UTC','2023-04-01 14:00:00','Match Finished','FT','2023-04-01 15:54:02','Regular Season - 29',39,1,50,0),(868227,'UTC','2023-04-01 14:00:00','Match Finished','FT','2023-04-01 15:57:02','Regular Season - 29',39,1,50,0),(868228,'UTC','2023-04-01 14:00:00','Match Finished','FT','2023-04-01 15:58:02','Regular Season - 29',39,1,50,0),(868229,'UTC','2023-04-01 16:30:00','Match Finished','FT','2023-04-01 18:25:02','Regular Season - 29',39,1,50,0),(868230,'UTC','2023-04-01 14:00:00','Match Finished','FT','2023-04-01 15:56:03','Regular Season - 29',39,1,50,0),(868231,'UTC','2023-04-03 19:00:00','Match Finished','FT','2023-04-03 20:57:02','Regular Season - 29',39,1,50,0),(868232,'UTC','2023-04-01 11:30:00','Match Finished','FT','2023-04-01 13:27:02','Regular Season - 29',39,1,50,0),(868233,'UTC','2023-04-02 15:30:00','Match Finished','FT','2023-04-02 17:25:02','Regular Season - 29',39,1,50,0),(868234,'UTC','2023-04-01 14:00:00','Match Finished','FT','2023-04-01 15:57:03','Regular Season - 29',39,1,50,0),(868235,'UTC','2023-04-02 13:00:00','Match Finished','FT','2023-04-02 14:56:02','Regular Season - 29',39,1,50,0),(868236,'UTC','2023-04-08 14:00:00','Match Finished','FT','2023-04-08 15:57:02','Regular Season - 30',39,1,51,0),(868237,'UTC','2023-04-08 14:00:00','Match Finished','FT','2023-04-08 15:55:03','Regular Season - 30',39,1,51,0),(868238,'UTC','2023-04-08 14:00:00','Match Finished','FT','2023-04-08 15:53:03','Regular Season - 30',39,1,51,0),(868239,'UTC','2023-04-09 13:00:00','Match Finished','FT','2023-04-09 14:58:02','Regular Season - 30',39,1,51,0),(868240,'UTC','2023-04-08 14:00:00','Match Finished','FT','2023-04-08 15:54:03','Regular Season - 30',39,1,51,0),(868241,'UTC','2023-04-09 15:30:00','Match Finished','FT','2023-04-09 17:29:02','Regular Season - 30',39,1,51,0),(868242,'UTC','2023-04-08 11:30:00','Match Finished','FT','2023-04-08 13:23:02','Regular Season - 30',39,1,51,0),(868243,'UTC','2023-04-08 16:30:00','Match Finished','FT','2023-04-08 18:24:03','Regular Season - 30',39,1,51,0),(868244,'UTC','2023-04-08 14:00:00','Match Finished','FT','2023-04-08 16:01:02','Regular Season - 30',39,1,51,0),(868245,'UTC','2023-04-08 14:00:00','Match Finished','FT','2023-04-08 15:55:04','Regular Season - 30',39,1,51,0),(868246,'UTC','2023-04-15 11:30:00','Match Finished','FT','2023-04-15 13:26:02','Regular Season - 31',39,1,52,0),(868247,'UTC','2023-04-15 14:00:00','Match Finished','FT','2023-04-15 15:59:02','Regular Season - 31',39,1,52,0),(868248,'UTC','2023-04-15 14:00:00','Match Finished','FT','2023-04-15 16:00:04','Regular Season - 31',39,1,52,0),(868249,'UTC','2023-04-17 19:00:00','Match Finished','FT','2023-04-17 20:53:02','Regular Season - 31',39,1,52,0),(868250,'UTC','2023-04-15 16:30:00','Match Finished','FT','2023-04-15 18:24:03','Regular Season - 31',39,1,52,0),(868251,'UTC','2023-04-16 15:30:00','Match Finished','FT','2023-04-16 17:24:02','Regular Season - 31',39,1,52,0),(868252,'UTC','2023-04-15 14:00:00','Match Finished','FT','2023-04-15 15:54:03','Regular Season - 31',39,1,52,0),(868253,'UTC','2023-04-15 14:00:00','Match Finished','FT','2023-04-15 16:14:03','Regular Season - 31',39,1,52,0),(868254,'UTC','2023-04-16 13:00:00','Match Finished','FT','2023-04-16 14:56:03','Regular Season - 31',39,1,52,0),(868255,'UTC','2023-04-15 14:00:00','Match Finished','FT','2023-04-15 15:54:04','Regular Season - 31',39,1,52,0),(868256,'UTC','2023-04-23 13:00:00','Match Finished','FT','2023-04-23 14:53:02','Regular Season - 32',39,1,53,0),(868257,'UTC','2023-04-21 19:00:00','Match Finished','FT','2023-04-21 21:05:03','Regular Season - 32',39,1,53,0),(868258,'UTC','2023-04-22 14:00:00','Match Finished','FT','2023-04-22 15:59:02','Regular Season - 32',39,1,53,0),(868259,'UTC','2023-05-24 19:00:00','Not Started','NS',NULL,'Regular Season - 32',39,1,53,0),(868260,'UTC','2023-04-22 14:00:00','Match Finished','FT','2023-04-22 15:56:03','Regular Season - 32',39,1,53,0),(868261,'UTC','2023-04-22 11:30:00','Match Finished','FT','2023-04-22 13:30:27','Regular Season - 32',39,1,53,0),(868262,'UTC','2023-04-22 14:00:00','Match Finished','FT','2023-04-22 15:56:04','Regular Season - 32',39,1,53,0),(868263,'UTC','2023-04-22 14:00:00','Match Finished','FT','2023-04-22 15:55:05','Regular Season - 32',39,1,53,0),(868264,'UTC','2023-05-25 19:00:00','Not Started','NS',NULL,'Regular Season - 32',39,1,53,0),(868265,'UTC','2023-04-23 13:00:00','Match Finished','FT','2023-04-23 14:54:03','Regular Season - 32',39,1,53,0),(868266,'UTC','2023-04-27 18:45:00','Match Finished','FT','2023-04-27 20:44:02','Regular Season - 33',39,1,54,0),(868267,'UTC','2023-04-25 19:00:00','Match Finished','FT','2023-04-25 20:56:02','Regular Season - 33',39,1,54,0),(868268,'UTC','2023-04-26 18:30:00','Match Finished','FT','2023-04-26 20:36:02','Regular Season - 33',39,1,54,0),(868269,'UTC','2023-04-27 19:15:00','Match Finished','FT','2023-04-27 21:09:02','Regular Season - 33',39,1,54,0),(868270,'UTC','2023-04-26 18:45:00','Match Finished','FT','2023-04-26 20:38:02','Regular Season - 33',39,1,54,0),(868271,'UTC','2023-04-25 18:30:00','Match Finished','FT','2023-04-25 20:25:02','Regular Season - 33',39,1,54,0),(868272,'UTC','2023-04-25 18:45:00','Match Finished','FT','2023-04-25 20:40:03','Regular Season - 33',39,1,54,0),(868273,'UTC','2023-04-26 18:45:00','Match Finished','FT','2023-04-26 20:38:03','Regular Season - 33',39,1,54,0),(868274,'UTC','2023-04-27 18:45:00','Match Finished','FT','2023-04-27 20:42:03','Regular Season - 33',39,1,54,0),(868275,'UTC','2023-04-26 19:00:00','Match Finished','FT','2023-04-26 20:59:02','Regular Season - 33',39,1,54,0),(868276,'UTC','2023-04-30 13:00:00','Match Finished','FT','2023-04-30 14:58:02','Regular Season - 34',39,1,55,0),(868277,'UTC','2023-05-02 19:00:00','Match Finished','FT','2023-05-02 20:55:02','Regular Season - 34',39,1,55,0),(868278,'UTC','2023-04-29 14:00:00','Match Finished','FT','2023-04-29 16:03:03','Regular Season - 34',39,1,55,0),(868279,'UTC','2023-04-29 14:00:00','Match Finished','FT','2023-04-29 15:54:03','Regular Season - 34',39,1,55,0),(868280,'UTC','2023-04-29 11:30:00','Match Finished','FT','2023-04-29 13:47:03','Regular Season - 34',39,1,55,0),(868281,'UTC','2023-04-30 13:00:00','Match Finished','FT','2023-04-30 15:04:02','Regular Season - 34',39,1,55,0),(868282,'UTC','2023-05-01 19:00:00','Match Finished','FT','2023-05-01 21:00:03','Regular Season - 34',39,1,55,0),(868283,'UTC','2023-04-30 15:30:00','Match Finished','FT','2023-04-30 17:27:02','Regular Season - 34',39,1,55,0),(868284,'UTC','2023-04-30 13:00:00','Match Finished','FT','2023-04-30 14:57:04','Regular Season - 34',39,1,55,0),(868285,'UTC','2023-04-30 13:00:00','Match Finished','FT','2023-04-30 14:58:03','Regular Season - 34',39,1,55,0),(868286,'UTC','2023-05-06 14:00:00','Match Finished','FT','2023-05-06 15:55:03','Regular Season - 35',39,1,56,0),(868287,'UTC','2023-05-08 16:30:00','Not Started','NS',NULL,'Regular Season - 35',39,1,56,0),(868288,'UTC','2023-05-08 14:00:00','Not Started','NS',NULL,'Regular Season - 35',39,1,56,0),(868289,'UTC','2023-05-06 16:30:00','Match Finished','FT','2023-05-06 18:24:03','Regular Season - 35',39,1,56,0),(868290,'UTC','2023-05-06 14:00:00','Match Finished','FT','2023-05-06 15:56:03','Regular Season - 35',39,1,56,0),(868291,'UTC','2023-05-07 15:30:00','Not Started','NS',NULL,'Regular Season - 35',39,1,56,0),(868292,'UTC','2023-05-08 19:00:00','Not Started','NS',NULL,'Regular Season - 35',39,1,56,0),(868293,'UTC','2023-05-06 14:00:00','Match Finished','FT','2023-05-06 15:56:03','Regular Season - 35',39,1,56,0),(868294,'UTC','2023-05-07 18:00:00','Not Started','NS',NULL,'Regular Season - 35',39,1,56,0),(868295,'UTC','2023-05-06 14:00:00','Match Finished','FT','2023-05-06 15:54:04','Regular Season - 35',39,1,56,0),(868296,'UTC','2023-05-14 15:30:00','Not Started','NS',NULL,'Regular Season - 36',39,1,57,0),(868297,'UTC','2023-05-13 14:00:00','Not Started','NS',NULL,'Regular Season - 36',39,1,57,0),(868298,'UTC','2023-05-14 13:00:00','Not Started','NS',NULL,'Regular Season - 36',39,1,57,0),(868299,'UTC','2023-05-13 14:00:00','Not Started','NS',NULL,'Regular Season - 36',39,1,57,0),(868300,'UTC','2023-05-13 14:00:00','Not Started','NS',NULL,'Regular Season - 36',39,1,57,0),(868301,'UTC','2023-05-14 13:00:00','Not Started','NS',NULL,'Regular Season - 36',39,1,57,0),(868302,'UTC','2023-05-13 11:30:00','Not Started','NS',NULL,'Regular Season - 36',39,1,57,0),(868303,'UTC','2023-05-15 19:00:00','Not Started','NS',NULL,'Regular Season - 36',39,1,57,0),(868304,'UTC','2023-05-13 14:00:00','Not Started','NS',NULL,'Regular Season - 36',39,1,57,0),(868305,'UTC','2023-05-13 14:00:00','Not Started','NS',NULL,'Regular Season - 36',39,1,57,0),(868306,'UTC','2023-05-20 14:00:00','Not Started','NS',NULL,'Regular Season - 37',39,1,58,0),(868307,'UTC','2023-05-21 13:00:00','Not Started','NS',NULL,'Regular Season - 37',39,1,58,0),(868308,'UTC','2023-05-20 14:00:00','Not Started','NS',NULL,'Regular Season - 37',39,1,58,0),(868309,'UTC','2023-05-20 14:00:00','Not Started','NS',NULL,'Regular Season - 37',39,1,58,0),(868310,'UTC','2023-05-21 15:00:00','Not Started','NS',NULL,'Regular Season - 37',39,1,58,0),(868311,'UTC','2023-05-22 19:00:00','Not Started','NS',NULL,'Regular Season - 37',39,1,58,0),(868312,'UTC','2023-05-20 16:30:00','Not Started','NS',NULL,'Regular Season - 37',39,1,58,0),(868313,'UTC','2023-05-20 11:30:00','Not Started','NS',NULL,'Regular Season - 37',39,1,58,0),(868314,'UTC','2023-05-21 12:30:00','Not Started','NS',NULL,'Regular Season - 37',39,1,58,0),(868315,'UTC','2023-05-20 14:00:00','Not Started','NS',NULL,'Regular Season - 37',39,1,58,0),(868316,'UTC','2023-05-28 15:30:00','Not Started','NS',NULL,'Regular Season - 38',39,1,59,0),(868317,'UTC','2023-05-28 15:30:00','Not Started','NS',NULL,'Regular Season - 38',39,1,59,0),(868318,'UTC','2023-05-28 15:30:00','Not Started','NS',NULL,'Regular Season - 38',39,1,59,0),(868319,'UTC','2023-05-28 15:30:00','Not Started','NS',NULL,'Regular Season - 38',39,1,59,0),(868320,'UTC','2023-05-28 15:30:00','Not Started','NS',NULL,'Regular Season - 38',39,1,59,0),(868321,'UTC','2023-05-28 15:30:00','Not Started','NS',NULL,'Regular Season - 38',39,1,59,0),(868322,'UTC','2023-05-28 15:30:00','Not Started','NS',NULL,'Regular Season - 38',39,1,59,0),(868323,'UTC','2023-05-28 15:30:00','Not Started','NS',NULL,'Regular Season - 38',39,1,59,0),(868324,'UTC','2023-05-28 15:30:00','Not Started','NS',NULL,'Regular Season - 38',39,1,59,0),(868325,'UTC','2023-05-28 15:30:00','Not Started','NS',NULL,'Regular Season - 38',39,1,59,0),(871850,'UTC','2022-11-22 19:00:00','Match Finished','FT','2022-11-22 21:01:02','Group Stage - 1',1,1,1,0),(871851,'UTC','2022-11-23 16:00:00','Match Finished','FT','2022-11-23 18:02:07','Group Stage - 1',1,1,1,0),(871852,'UTC','2022-11-26 10:00:00','Match Finished','FT','2022-11-26 12:00:08','Group Stage - 2',1,1,2,0),(871853,'UTC','2022-11-27 10:00:00','Match Finished','FT','2022-11-27 11:55:02','Group Stage - 2',1,1,2,0),(871854,'UTC','2022-11-30 15:00:00','Match Finished','FT','2022-11-30 16:56:03','Group Stage - 3',1,1,3,0),(871855,'UTC','2022-12-01 19:00:00','Match Finished','FT','2022-12-01 20:58:02','Group Stage - 3',1,1,3,0),(946849,'UTC','2022-09-06 16:45:00','Match Finished','FT','2022-09-06 12:15:00','Group E - 1',2,1,9,0),(946850,'UTC','2022-09-06 16:45:00','Match Finished','FT','2022-09-06 12:15:00','Group G - 1',2,1,9,0),(946851,'UTC','2022-09-06 19:00:00','Match Finished','FT','2022-09-06 14:30:00','Group E - 1',2,1,9,0),(946852,'UTC','2022-09-06 19:00:00','Match Finished','FT','2022-09-06 14:30:00','Group F - 1',2,1,9,0),(946853,'UTC','2022-09-06 19:00:00','Match Finished','FT','2022-09-06 14:30:00','Group F - 1',2,1,9,0),(946854,'UTC','2022-09-06 19:00:00','Match Finished','FT','2022-09-06 14:30:00','Group G - 1',2,1,9,0),(946855,'UTC','2022-09-06 19:00:00','Match Finished','FT','2022-09-06 14:30:00','Group H - 1',2,1,9,0),(946856,'UTC','2022-09-06 19:00:00','Match Finished','FT','2022-09-06 14:30:00','Group H - 1',2,1,9,0),(946857,'UTC','2022-09-07 16:45:00','Match Finished','FT','2022-09-07 12:15:00','Group A - 1',2,1,9,0),(946858,'UTC','2022-09-07 16:45:00','Match Finished','FT','2022-09-07 12:15:00','Group D - 1',2,1,9,0),(946859,'UTC','2022-09-07 19:00:00','Match Finished','FT','2022-09-07 14:30:00','Group A - 1',2,1,9,0),(946860,'UTC','2022-09-07 19:00:00','Match Finished','FT','2022-09-07 14:30:00','Group B - 1',2,1,9,0),(946861,'UTC','2022-09-07 19:00:00','Match Finished','FT','2022-09-07 14:30:00','Group B - 1',2,1,9,0),(946862,'UTC','2022-09-07 19:00:00','Match Finished','FT','2022-09-07 14:30:00','Group C - 1',2,1,9,0),(946863,'UTC','2022-09-07 19:00:00','Match Finished','FT','2022-09-07 14:30:00','Group C - 1',2,1,9,0),(946864,'UTC','2022-09-07 19:00:00','Match Finished','FT','2022-09-07 14:30:00','Group D - 1',2,1,9,0),(946865,'UTC','2022-09-13 16:45:00','Match Finished','FT','2022-09-13 12:15:00','Group C - 2',2,1,10,0),(946866,'UTC','2022-09-13 16:45:00','Match Finished','FT','2022-09-13 12:15:00','Group D - 2',2,1,10,0),(946867,'UTC','2022-09-13 19:00:00','Match Finished','FT','2022-09-13 14:30:00','Group A - 2',2,1,10,0),(946868,'UTC','2022-09-14 19:00:00','Match Finished','FT','2022-09-14 14:30:00','Group A - 2',2,1,10,0),(946869,'UTC','2022-09-13 19:00:00','Match Finished','FT','2022-09-13 14:30:00','Group B - 2',2,1,10,0),(946870,'UTC','2022-09-13 19:00:00','Match Finished','FT','2022-09-13 14:30:00','Group B - 2',2,1,10,0),(946871,'UTC','2022-09-13 19:00:00','Match Finished','FT','2022-09-13 14:30:00','Group C - 2',2,1,10,0),(946872,'UTC','2022-09-13 19:00:00','Match Finished','FT','2022-09-13 14:30:00','Group D - 2',2,1,10,0),(946873,'UTC','2022-09-14 16:45:00','Match Finished','FT','2022-09-14 12:15:00','Group E - 2',2,1,10,0),(946874,'UTC','2022-09-14 16:45:00','Match Finished','FT','2022-09-14 12:15:00','Group F - 2',2,1,10,0),(946875,'UTC','2022-09-14 19:00:00','Match Finished','FT','2022-09-14 14:30:00','Group E - 2',2,1,10,0),(946876,'UTC','2022-09-14 19:00:00','Match Finished','FT','2022-09-14 14:30:00','Group F - 2',2,1,10,0),(946877,'UTC','2022-09-14 19:00:00','Match Finished','FT','2022-09-14 14:30:00','Group G - 2',2,1,10,0),(946878,'UTC','2022-09-14 19:00:00','Match Finished','FT','2022-09-14 14:30:00','Group G - 2',2,1,10,0),(946879,'UTC','2022-09-14 19:00:00','Match Finished','FT','2022-09-14 14:30:00','Group H - 2',2,1,10,0),(946880,'UTC','2022-09-14 19:00:00','Match Finished','FT','2022-09-14 14:30:00','Group H - 2',2,1,10,0),(946881,'UTC','2022-10-04 16:45:00','Match Finished','FT','2022-10-04 12:15:00','Group C - 3',2,1,11,0),(946882,'UTC','2022-10-04 16:45:00','Match Finished','FT','2022-10-04 12:15:00','Group D - 3',2,1,11,0),(946883,'UTC','2022-10-04 19:00:00','Match Finished','FT','2022-10-04 14:30:00','Group A - 3',2,1,11,0),(946884,'UTC','2022-10-04 19:00:00','Match Finished','FT','2022-10-04 14:30:00','Group A - 3',2,1,11,0),(946885,'UTC','2022-10-04 19:00:00','Match Finished','FT','2022-10-04 14:30:00','Group B - 3',2,1,11,0),(946886,'UTC','2022-10-04 19:00:00','Match Finished','FT','2022-10-04 14:30:00','Group B - 3',2,1,11,0),(946887,'UTC','2022-10-04 19:00:00','Match Finished','FT','2022-10-04 14:30:00','Group C - 3',2,1,11,0),(946888,'UTC','2022-10-04 19:00:00','Match Finished','FT','2022-10-04 14:30:00','Group D - 3',2,1,11,0),(946889,'UTC','2022-10-05 16:45:00','Match Finished','FT','2022-10-05 12:15:00','Group E - 3',2,1,11,0),(946890,'UTC','2022-10-05 16:45:00','Match Finished','FT','2022-10-05 12:15:00','Group F - 3',2,1,11,0),(946891,'UTC','2022-10-05 19:00:00','Match Finished','FT','2022-10-05 14:30:00','Group E - 3',2,1,11,0),(946892,'UTC','2022-10-05 19:00:00','Match Finished','FT','2022-10-05 14:30:00','Group F - 3',2,1,11,0),(946893,'UTC','2022-10-05 19:00:00','Match Finished','FT','2022-10-05 14:30:00','Group G - 3',2,1,11,0),(946894,'UTC','2022-10-05 19:00:00','Match Finished','FT','2022-10-05 14:30:00','Group G - 3',2,1,11,0),(946895,'UTC','2022-10-05 19:00:00','Match Finished','FT','2022-10-05 14:30:00','Group H - 3',2,1,11,0),(946896,'UTC','2022-10-05 19:00:00','Match Finished','FT','2022-10-05 14:30:00','Group H - 3',2,1,11,0),(946897,'UTC','2022-10-11 16:45:00','Match Finished','FT','2022-10-11 12:15:00','Group G - 4',2,1,12,0),(946898,'UTC','2022-10-11 16:45:00','Match Finished','FT','2022-10-11 12:15:00','Group H - 4',2,1,12,0),(946899,'UTC','2022-10-11 19:00:00','Match Finished','FT','2022-10-11 14:30:00','Group E - 4',2,1,12,0),(946900,'UTC','2022-10-11 19:00:00','Match Finished','FT','2022-10-11 14:30:00','Group E - 4',2,1,12,0),(946901,'UTC','2022-10-11 19:00:00','Match Finished','FT','2022-10-11 14:30:00','Group F - 4',2,1,12,0),(946902,'UTC','2022-10-11 19:00:00','Match Finished','FT','2022-10-11 14:30:00','Group F - 4',2,1,12,0),(946903,'UTC','2022-10-11 19:00:00','Match Finished','FT','2022-10-11 14:30:00','Group G - 4',2,1,12,0),(946904,'UTC','2022-10-11 19:00:00','Match Finished','FT','2022-10-11 14:30:00','Group H - 4',2,1,12,0),(946905,'UTC','2022-10-12 16:45:00','Match Finished','FT','2022-10-12 12:15:00','Group A - 4',2,1,12,0),(946906,'UTC','2022-10-12 16:45:00','Match Finished','FT','2022-10-12 12:15:00','Group B - 4',2,1,12,0),(946907,'UTC','2022-10-12 19:00:00','Match Finished','FT','2022-10-12 14:30:00','Group A - 4',2,1,12,0),(946908,'UTC','2022-10-12 19:00:00','Match Finished','FT','2022-10-12 14:30:00','Group B - 4',2,1,12,0),(946909,'UTC','2022-10-12 19:00:00','Match Finished','FT','2022-10-12 14:30:00','Group C - 4',2,1,12,0),(946910,'UTC','2022-10-12 19:00:00','Match Finished','FT','2022-10-12 14:30:00','Group C - 4',2,1,12,0),(946911,'UTC','2022-10-12 19:00:00','Match Finished','FT','2022-10-12 14:30:00','Group D - 4',2,1,12,0),(946912,'UTC','2022-10-12 19:00:00','Match Finished','FT','2022-10-12 14:30:00','Group D - 4',2,1,12,0),(946913,'UTC','2022-10-25 16:45:00','Match Finished','FT','2022-10-25 12:15:00','Group E - 5',2,1,13,0),(946914,'UTC','2022-10-25 16:45:00','Match Finished','FT','2022-10-25 12:15:00','Group G - 5',2,1,13,0),(946915,'UTC','2022-10-25 19:00:00','Match Finished','FT','2022-10-25 14:30:00','Group E - 5',2,1,13,0),(946916,'UTC','2022-10-25 19:00:00','Match Finished','FT','2022-10-25 14:30:00','Group F - 5',2,1,13,0),(946917,'UTC','2022-10-25 19:00:00','Match Finished','FT','2022-10-25 14:30:00','Group F - 5',2,1,13,0),(946918,'UTC','2022-10-25 19:00:00','Match Finished','FT','2022-10-25 14:30:00','Group G - 5',2,1,13,0),(946919,'UTC','2022-10-25 19:00:00','Match Finished','FT','2022-10-25 14:30:00','Group H - 5',2,1,13,0),(946920,'UTC','2022-10-25 19:00:00','Match Finished','FT','2022-10-25 14:30:00','Group H - 5',2,1,13,0),(946921,'UTC','2022-10-26 16:45:00','Match Finished','FT','2022-10-26 12:15:00','Group B - 5',2,1,13,0),(946922,'UTC','2022-10-26 16:45:00','Match Finished','FT','2022-10-26 12:15:00','Group C - 5',2,1,13,0),(946923,'UTC','2022-10-26 19:00:00','Match Finished','FT','2022-10-26 14:30:00','Group A - 5',2,1,13,0),(946924,'UTC','2022-10-26 19:00:00','Match Finished','FT','2022-10-26 14:30:00','Group A - 5',2,1,13,0),(946925,'UTC','2022-10-26 19:00:00','Match Finished','FT','2022-10-26 14:30:00','Group B - 5',2,1,13,0),(946926,'UTC','2022-10-26 19:00:00','Match Finished','FT','2022-10-26 14:30:00','Group C - 5',2,1,13,0),(946927,'UTC','2022-10-26 19:00:00','Match Finished','FT','2022-10-26 14:30:00','Group D - 5',2,1,13,0),(946928,'UTC','2022-10-26 19:00:00','Match Finished','FT','2022-10-26 14:30:00','Group D - 5',2,1,13,0),(946929,'UTC','2022-11-01 17:45:00','Match Finished','FT','2022-11-01 19:40:03','Group B - 6',2,1,14,0),(946930,'UTC','2022-11-01 17:45:00','Match Finished','FT','2022-11-01 19:37:03','Group B - 6',2,1,14,0),(946931,'UTC','2022-11-01 20:00:00','Match Finished','FT','2022-11-01 21:58:02','Group A - 6',2,1,14,0),(946932,'UTC','2022-11-01 20:00:00','Match Finished','FT','2022-11-01 21:54:02','Group A - 6',2,1,14,0),(946933,'UTC','2022-11-01 20:00:00','Match Finished','FT','2022-11-01 21:55:03','Group C - 6',2,1,14,0),(946934,'UTC','2022-11-01 20:00:00','Match Finished','FT','2022-11-01 21:52:04','Group C - 6',2,1,14,0),(946935,'UTC','2022-11-01 20:00:00','Match Finished','FT','2022-11-01 21:56:03','Group D - 6',2,1,14,0),(946936,'UTC','2022-11-01 20:00:00','Match Finished','FT','2022-11-01 22:00:04','Group D - 6',2,1,14,0),(946937,'UTC','2022-11-02 17:45:00','Match Finished','FT','2022-11-02 19:34:03','Group F - 6',2,1,14,0),(946938,'UTC','2022-11-02 17:45:00','Match Finished','FT','2022-11-02 19:34:03','Group F - 6',2,1,14,0),(946939,'UTC','2022-11-02 20:00:00','Match Finished','FT','2022-11-02 21:55:02','Group E - 6',2,1,14,0),(946940,'UTC','2022-11-02 20:00:00','Match Finished','FT','2022-11-02 21:52:03','Group E - 6',2,1,14,0),(946941,'UTC','2022-11-02 20:00:00','Match Finished','FT','2022-11-02 21:54:03','Group G - 6',2,1,14,0),(946942,'UTC','2022-11-02 20:00:00','Match Finished','FT','2022-11-02 21:57:03','Group G - 6',2,1,14,0),(946943,'UTC','2022-11-02 20:00:00','Match Finished','FT','2022-11-02 21:54:04','Group H - 6',2,1,14,0),(946944,'UTC','2022-11-02 20:00:00','Match Finished','FT','2022-11-02 21:53:05','Group H - 6',2,1,14,0),(971793,'UTC','2023-02-14 20:00:00','Match Finished','FT','2023-02-14 21:30:00','Round of 16',2,1,15,0),(971794,'UTC','2023-03-08 20:00:00','Match Finished','FT','2023-03-08 22:06:02','Round of 16',2,1,16,0),(971795,'UTC','2023-02-14 20:00:00','Match Finished','FT','2023-02-14 21:30:00','Round of 16',2,1,15,0),(971796,'UTC','2023-03-08 20:00:00','Match Finished','FT','2023-03-08 21:54:03','Round of 16',2,1,16,0),(971797,'UTC','2023-02-15 20:00:00','Match Finished','FT','2023-02-15 21:53:02','Round of 16',2,1,15,0),(971798,'UTC','2023-03-07 20:00:00','Match Finished','FT','2023-03-07 21:50:02','Round of 16',2,1,16,0),(971799,'UTC','2023-02-15 20:00:00','Match Finished','FT','2023-02-15 21:57:02','Round of 16',2,1,15,0),(971800,'UTC','2023-03-07 20:00:00','Match Finished','FT','2023-03-07 22:09:02','Round of 16',2,1,16,0),(971801,'UTC','2023-02-21 20:00:00','Match Finished','FT','2023-02-21 21:56:02','Round of 16',2,1,15,0),(971802,'UTC','2023-03-15 20:00:00','Match Finished','FT','2023-03-15 21:56:02','Round of 16',2,1,16,0),(971803,'UTC','2023-02-21 20:00:00','Match Finished','FT','2023-02-21 21:53:03','Round of 16',2,1,15,0),(971804,'UTC','2023-03-15 20:00:00','Match Finished','FT','2023-03-15 21:52:02','Round of 16',2,1,16,0),(971805,'UTC','2023-02-22 20:00:00','Match Finished','FT','2023-02-22 21:53:02','Round of 16',2,1,15,0),(971806,'UTC','2023-03-14 20:00:00','Match Finished','FT','2023-03-14 21:51:02','Round of 16',2,1,16,0),(971807,'UTC','2023-02-22 20:00:00','Match Finished','FT','2023-02-22 21:55:03','Round of 16',2,1,15,0),(971808,'UTC','2023-03-14 20:00:00','Match Finished','FT','2023-03-14 21:58:03','Round of 16',2,1,16,0),(976533,'UTC','2022-12-03 15:00:00','Match Finished','FT','2022-12-03 16:54:02','Round of 16',1,1,4,0),(976534,'UTC','2022-12-04 19:00:00','Match Finished','FT','2022-12-04 20:54:02','Round of 16',1,1,4,0),(976642,'UTC','2022-12-03 19:00:00','Match Finished','FT','2022-12-03 20:58:02','Round of 16',1,1,4,0),(976643,'UTC','2022-12-04 15:00:00','Match Finished','FT','2022-12-04 16:58:02','Round of 16',1,1,4,0),(977344,'UTC','2022-12-05 15:00:00','Match Finished','PEN','2022-12-05 17:44:02','Round of 16',1,1,4,0),(977345,'UTC','2022-12-06 15:00:00','Match Finished','PEN','2022-12-06 17:47:03','Round of 16',1,1,4,0),(977705,'UTC','2022-12-05 19:00:00','Match Finished','FT','2022-12-05 20:56:02','Round of 16',1,1,4,0),(977706,'UTC','2022-12-06 19:00:00','Match Finished','FT','2022-12-06 20:54:02','Round of 16',1,1,4,0),(977794,'UTC','2022-12-09 19:00:00','Match Finished','PEN','2022-12-09 21:57:02','Quarter-finals',1,1,5,0),(978036,'UTC','2022-12-10 19:00:00','Match Finished','FT','2022-12-10 21:02:02','Quarter-finals',1,1,5,0),(978072,'UTC','2022-12-09 15:00:00','Match Finished','PEN','2022-12-09 17:48:02','Quarter-finals',1,1,5,0),(978088,'UTC','2022-12-10 15:00:00','Match Finished','FT','2022-12-10 16:58:02','Quarter-finals',1,1,5,0),(978279,'UTC','2022-12-13 19:00:00','Match Finished','FT','2022-12-13 20:56:03','Semi-finals',1,1,6,0),(978488,'UTC','2022-12-14 19:00:00','Match Finished','FT','2022-12-14 20:56:02','Semi-finals',1,1,6,0),(979138,'UTC','2022-12-17 15:00:00','Match Finished','FT','2022-12-17 16:55:02','3rd Place Final',1,1,7,0),(979139,'UTC','2022-12-18 15:00:00','Match Finished','PEN','2022-12-18 17:56:03','Final',1,1,8,0),(1016055,'UTC','2023-04-11 19:00:00','Match Finished','FT','2023-04-11 20:52:02','Quarter-finals',2,1,17,0),(1016056,'UTC','2023-04-19 19:00:00','Match Finished','FT','2023-04-19 20:54:02','Quarter-finals',2,1,18,0),(1016057,'UTC','2023-04-11 19:00:00','Match Finished','FT','2023-04-11 20:52:03','Quarter-finals',2,1,17,0),(1016058,'UTC','2023-04-19 19:00:00','Match Finished','FT','2023-04-19 21:00:03','Quarter-finals',2,1,18,0),(1016059,'UTC','2023-04-12 19:00:00','Match Finished','FT','2023-04-12 20:56:02','Quarter-finals',2,1,17,0),(1016060,'UTC','2023-04-18 19:00:00','Match Finished','FT','2023-04-18 20:54:02','Quarter-finals',2,1,18,0),(1016061,'UTC','2023-04-12 19:00:00','Match Finished','FT','2023-04-12 20:59:02','Quarter-finals',2,1,17,0),(1016062,'UTC','2023-04-18 19:00:00','Match Finished','FT','2023-04-18 20:59:02','Quarter-finals',2,1,18,0);
/*!40000 ALTER TABLE `fixtures` ENABLE KEYS */;
UNLOCK TABLES;

--
-- Table structure for table `leagues`
--

DROP TABLE IF EXISTS `leagues`;
/*!40101 SET @saved_cs_client     = @@character_set_client */;
/*!50503 SET character_set_client = utf8mb4 */;
CREATE TABLE `leagues` (
  `id` bigint unsigned NOT NULL AUTO_INCREMENT,
  `name` varchar(255) CHARACTER SET utf8mb4 COLLATE utf8mb4_unicode_ci NOT NULL,
  `type` enum('Cup','League') CHARACTER SET utf8mb4 COLLATE utf8mb4_unicode_ci NOT NULL,
  `logo` varchar(255) CHARACTER SET utf8mb4 COLLATE utf8mb4_unicode_ci NOT NULL,
  `country_id` bigint unsigned NOT NULL,
  PRIMARY KEY (`id`),
  KEY `leagues_country_id_foreign` (`country_id`),
  CONSTRAINT `leagues_country_id_foreign` FOREIGN KEY (`country_id`) REFERENCES `countries` (`id`)
) ENGINE=InnoDB AUTO_INCREMENT=40 DEFAULT CHARSET=utf8mb4 COLLATE=utf8mb4_unicode_ci;
/*!40101 SET character_set_client = @saved_cs_client */;

--
-- Dumping data for table `leagues`
--

LOCK TABLES `leagues` WRITE;
/*!40000 ALTER TABLE `leagues` DISABLE KEYS */;
INSERT INTO `leagues` VALUES (1,'International Cup','Cup','https://admin.leaguepred.com/img/leagues/1.jpeg',1),(2,'Champions','Cup','https://admin.leaguepred.com/img/leagues/2.jpeg',1),(39,'English League','League','https://admin.leaguepred.com/img/leagues/39.jpeg',2);
/*!40000 ALTER TABLE `leagues` ENABLE KEYS */;
UNLOCK TABLES;

--
-- Table structure for table `rounds`
--

DROP TABLE IF EXISTS `rounds`;
/*!40101 SET @saved_cs_client     = @@character_set_client */;
/*!50503 SET character_set_client = utf8mb4 */;
CREATE TABLE `rounds` (
  `id` bigint unsigned NOT NULL AUTO_INCREMENT,
  `name` varchar(255) CHARACTER SET utf8mb4 COLLATE utf8mb4_unicode_ci NOT NULL,
  `alias` varchar(255) CHARACTER SET utf8mb4 COLLATE utf8mb4_unicode_ci NOT NULL,
  `slug` varchar(255) CHARACTER SET utf8mb4 COLLATE utf8mb4_unicode_ci NOT NULL,
  `keywords` longtext CHARACTER SET utf8mb4 COLLATE utf8mb4_bin,
  `sl` int NOT NULL,
  `league_id` bigint unsigned NOT NULL,
  `season_id` bigint unsigned NOT NULL,
  `current` tinyint(1) NOT NULL DEFAULT '0',
  PRIMARY KEY (`id`),
  KEY `rounds_league_id_foreign` (`league_id`),
  KEY `rounds_season_id_foreign` (`season_id`),
  KEY `constrained_index_unique` (`name`,`sl`,`league_id`,`season_id`),
  CONSTRAINT `rounds_league_id_foreign` FOREIGN KEY (`league_id`) REFERENCES `leagues` (`id`),
  CONSTRAINT `rounds_season_id_foreign` FOREIGN KEY (`season_id`) REFERENCES `seasons` (`id`),
  CONSTRAINT `rounds_chk_1` CHECK (json_valid(`keywords`))
) ENGINE=InnoDB AUTO_INCREMENT=60 DEFAULT CHARSET=utf8mb4 COLLATE=utf8mb4_unicode_ci;
/*!40101 SET character_set_client = @saved_cs_client */;

--
-- Dumping data for table `rounds`
--

LOCK TABLES `rounds` WRITE;
/*!40000 ALTER TABLE `rounds` DISABLE KEYS */;
INSERT INTO `rounds` VALUES (1,'1','Group Stage - 1','group-stage-1','[\"Group Stage - 1\"]',1,1,1,0),(2,'2','Group Stage - 2','group-stage-2','[\"Group Stage - 2\"]',2,1,1,0),(3,'3','Group Stage - 3','group-stage-3','[\"Group Stage - 3\"]',3,1,1,0),(4,'Round of 16','Round of 16','round-of-16','[\"Round of 16\"]',4,1,1,0),(5,'Quarter-finals','Quarter-finals','quarter-finals','[\"Quarter-finals\"]',5,1,1,0),(6,'Semi-finals','Semi-finals','semi-finals','[\"Semi-finals\"]',6,1,1,0),(7,'3rd Place','3rd Place','3rd-place','[\"3rd Place Final\"]',7,1,1,0),(8,'Final','Final','final','[\"Final\"]',8,1,1,1),(9,'1','Group Stage - 1','group-stage-1','[\"Group A - 1\",\"Group B - 1\",\"Group C - 1\",\"Group D - 1\",\"Group E - 1\",\"Group F - 1\",\"Group G - 1\",\"Group H - 1\"]',1,2,1,0),(10,'2','Group Stage - 2','group-stage-2','[\"Group A - 2\",\"Group B - 2\",\"Group C - 2\",\"Group D - 2\",\"Group E - 2\",\"Group F - 2\",\"Group G - 2\",\"Group H - 2\"]',2,2,1,0),(11,'3','Group Stage - 3','group-stage-3','[\"Group A - 3\",\"Group B - 3\",\"Group C - 3\",\"Group D - 3\",\"Group E - 3\",\"Group F - 3\",\"Group G - 3\",\"Group H - 3\"]',3,2,1,0),(12,'4','Group Stage - 4','group-stage-4','[\"Group A - 4\",\"Group B - 4\",\"Group C - 4\",\"Group D - 4\",\"Group E - 4\",\"Group F - 4\",\"Group G - 4\",\"Group H - 4\"]',4,2,1,0),(13,'5','Group Stage - 5','group-stage-5','[\"Group A - 5\",\"Group B - 5\",\"Group C - 5\",\"Group D - 5\",\"Group E - 5\",\"Group F - 5\",\"Group G - 5\",\"Group H - 5\"]',5,2,1,0),(14,'6','Group Stage - 6','group-stage-6','[\"Group A - 6\",\"Group B - 6\",\"Group C - 6\",\"Group D - 6\",\"Group E - 6\",\"Group F - 6\",\"Group G - 6\",\"Group H - 6\"]',6,2,1,0),(15,'Round of 16','Round of 16(Part 1)','round-of-16-part-1','[971793,971795,971797,971799,971801,971803,971805,971807]',7,2,1,0),(16,'Round of 16','Round of 16(Part 2)','round-of-16-part-2','[971794,971796,971798,971800,971802,971804,971806,971808]',8,2,1,0),(17,'Quarter-finals','Quarter-finals(Part 1)','quarter-finals-part-1','[1016055,1016057,1016059,1016061]',9,2,1,0),(18,'Quarter-finals','Quarter-finals(Part 2)','quarter-finals-part-2','[1016056,1016058,1016060,1016062]',10,2,1,0),(19,'Semi-finals','Semi-finals(Part 1)','semi-finals-part-1','[]',11,2,1,0),(20,'Semi-finals','Semi-finals(Part 2)','semi-finals-part-2','[]',12,2,1,0),(21,'Final','Final','final','[]',13,2,1,0),(22,'1','Regular Season - 1','regular-season-1','[\"Regular Season - 1\"]',1,39,1,0),(23,'2','Regular Season - 2','regular-season-2','[\"Regular Season - 2\"]',2,39,1,0),(24,'3','Regular Season - 3','regular-season-3','[\"Regular Season - 3\"]',3,39,1,0),(25,'4','Regular Season - 4','regular-season-4','[\"Regular Season - 4\"]',4,39,1,0),(26,'5','Regular Season - 5','regular-season-5','[\"Regular Season - 5\"]',5,39,1,0),(27,'6','Regular Season - 6','regular-season-6','[\"Regular Season - 6\"]',6,39,1,0),(28,'7','Regular Season - 7','regular-season-7','[\"Regular Season - 7\"]',7,39,1,0),(29,'8','Regular Season - 8','regular-season-8','[\"Regular Season - 8\"]',8,39,1,0),(30,'9','Regular Season - 9','regular-season-9','[\"Regular Season - 9\"]',9,39,1,0),(31,'10','Regular Season - 10','regular-season-10','[\"Regular Season - 10\"]',10,39,1,0),(32,'11','Regular Season - 11','regular-season-11','[\"Regular Season - 11\"]',11,39,1,0),(33,'12','Regular Season - 12','regular-season-12','[\"Regular Season - 12\"]',12,39,1,0),(34,'13','Regular Season - 13','regular-season-13','[\"Regular Season - 13\"]',13,39,1,0),(35,'14','Regular Season - 14','regular-season-14','[\"Regular Season - 14\"]',14,39,1,0),(36,'15','Regular Season - 15','regular-season-15','[\"Regular Season - 15\"]',15,39,1,0),(37,'16','Regular Season - 16','regular-season-16','[\"Regular Season - 16\"]',16,39,1,0),(38,'17','Regular Season - 17','regular-season-17','[\"Regular Season - 17\"]',17,39,1,0),(39,'18','Regular Season - 18','regular-season-18','[\"Regular Season - 18\"]',18,39,1,0),(40,'19','Regular Season - 19','regular-season-19','[\"Regular Season - 19\"]',19,39,1,0),(41,'20','Regular Season - 20','regular-season-20','[\"Regular Season - 20\"]',20,39,1,0),(42,'21','Regular Season - 21','regular-season-21','[\"Regular Season - 21\"]',21,39,1,0),(43,'22','Regular Season - 22','regular-season-22','[\"Regular Season - 22\"]',22,39,1,0),(44,'23','Regular Season - 23','regular-season-23','[\"Regular Season - 23\"]',23,39,1,0),(45,'24','Regular Season - 24','regular-season-24','[\"Regular Season - 24\"]',24,39,1,0),(46,'25','Regular Season - 25','regular-season-25','[\"Regular Season - 25\"]',25,39,1,0),(47,'26','Regular Season - 26','regular-season-26','[\"Regular Season - 26\"]',26,39,1,0),(48,'27','Regular Season - 27','regular-season-27','[\"Regular Season - 27\"]',27,39,1,0),(49,'28','Regular Season - 28','regular-season-28','[\"Regular Season - 28\"]',28,39,1,0),(50,'29','Regular Season - 29','regular-season-29','[\"Regular Season - 29\"]',29,39,1,0),(51,'30','Regular Season - 30','regular-season-30','[\"Regular Season - 30\"]',30,39,1,0),(52,'31','Regular Season - 31','regular-season-31','[\"Regular Season - 31\"]',31,39,1,0),(53,'32','Regular Season - 32','regular-season-32','[\"Regular Season - 32\"]',32,39,1,0),(54,'33','Regular Season - 33','regular-season-33','[\"Regular Season - 33\"]',33,39,1,0),(55,'34','Regular Season - 34','regular-season-34','[\"Regular Season - 34\"]',34,39,1,0),(56,'35','Regular Season - 35','regular-season-35','[\"Regular Season - 35\"]',35,39,1,1),(57,'36','Regular Season - 36','regular-season-36','[\"Regular Season - 36\"]',36,39,1,0),(58,'37','Regular Season - 37','regular-season-37','[\"Regular Season - 37\"]',37,39,1,0),(59,'38','Regular Season - 38','regular-season-38','[\"Regular Season - 38\"]',38,39,1,0);
/*!40000 ALTER TABLE `rounds` ENABLE KEYS */;
UNLOCK TABLES;

--
-- Table structure for table `seasons`
--

DROP TABLE IF EXISTS `seasons`;
/*!40101 SET @saved_cs_client     = @@character_set_client */;
/*!50503 SET character_set_client = utf8mb4 */;
CREATE TABLE `seasons` (
  `id` bigint unsigned NOT NULL AUTO_INCREMENT,
  `year` year NOT NULL,
  PRIMARY KEY (`id`),
  UNIQUE KEY `seasons_year_unique` (`year`)
) ENGINE=InnoDB AUTO_INCREMENT=2 DEFAULT CHARSET=utf8mb4 COLLATE=utf8mb4_unicode_ci;
/*!40101 SET character_set_client = @saved_cs_client */;

--
-- Dumping data for table `seasons`
--

LOCK TABLES `seasons` WRITE;
/*!40000 ALTER TABLE `seasons` DISABLE KEYS */;
INSERT INTO `seasons` VALUES (1,2022);
/*!40000 ALTER TABLE `seasons` ENABLE KEYS */;
UNLOCK TABLES;

--
-- Table structure for table `standings`
--

DROP TABLE IF EXISTS `standings`;
/*!40101 SET @saved_cs_client     = @@character_set_client */;
/*!50503 SET character_set_client = utf8mb4 */;
CREATE TABLE `standings` (
  `id` bigint unsigned NOT NULL AUTO_INCREMENT,
  `league_id` bigint unsigned NOT NULL,
  `season_id` bigint unsigned NOT NULL,
  `team_id` bigint unsigned NOT NULL,
  `rank` int NOT NULL,
  `created_at` timestamp NULL DEFAULT NULL,
  `updated_at` timestamp NULL DEFAULT NULL,
  PRIMARY KEY (`id`),
  KEY `standings_league_id_foreign` (`league_id`),
  KEY `standings_season_id_foreign` (`season_id`),
  KEY `standings_team_id_foreign` (`team_id`),
  CONSTRAINT `standings_league_id_foreign` FOREIGN KEY (`league_id`) REFERENCES `leagues` (`id`),
  CONSTRAINT `standings_season_id_foreign` FOREIGN KEY (`season_id`) REFERENCES `seasons` (`id`),
  CONSTRAINT `standings_team_id_foreign` FOREIGN KEY (`team_id`) REFERENCES `teams` (`id`)
) ENGINE=InnoDB AUTO_INCREMENT=85 DEFAULT CHARSET=utf8mb4 COLLATE=utf8mb4_unicode_ci;
/*!40101 SET character_set_client = @saved_cs_client */;

--
-- Dumping data for table `standings`
--

LOCK TABLES `standings` WRITE;
/*!40000 ALTER TABLE `standings` DISABLE KEYS */;
INSERT INTO `standings` VALUES (1,1,1,1118,1,'2022-11-10 07:15:08','2022-11-21 19:00:06'),(2,1,1,2382,3,'2022-11-10 07:15:08','2022-11-29 18:00:03'),(3,1,1,13,2,'2022-11-10 07:15:08','2022-11-29 18:00:03'),(4,1,1,1569,4,'2022-11-10 07:15:08','2022-11-10 07:15:08'),(5,1,1,10,1,'2022-11-10 07:15:08','2022-11-10 07:15:08'),(6,1,1,2384,2,'2022-11-10 07:15:08','2022-11-29 22:00:03'),(7,1,1,22,3,'2022-11-10 07:15:08','2022-11-29 22:00:03'),(8,1,1,767,4,'2022-11-10 07:15:08','2022-11-25 13:00:05'),(9,1,1,24,2,'2022-11-10 07:15:08','2022-11-30 22:00:02'),(10,1,1,26,1,'2022-11-10 07:15:08','2022-11-30 22:00:02'),(11,1,1,16,3,'2022-11-10 07:15:08','2022-11-30 22:00:02'),(12,1,1,23,4,'2022-11-10 07:15:08','2022-11-30 22:00:03'),(13,1,1,2,1,'2022-11-10 07:15:08','2022-11-22 22:00:03'),(14,1,1,21,4,'2022-11-10 07:15:08','2022-11-30 18:00:03'),(15,1,1,28,3,'2022-11-10 07:15:08','2022-11-30 18:00:03'),(16,1,1,20,2,'2022-11-10 07:15:08','2022-11-26 13:00:07'),(17,1,1,25,3,'2022-11-10 07:15:08','2022-12-01 22:00:03'),(18,1,1,9,2,'2022-11-10 07:15:08','2022-12-01 22:00:03'),(19,1,1,29,4,'2022-11-10 07:15:08','2022-12-01 22:00:03'),(20,1,1,12,1,'2022-11-10 07:15:08','2022-12-01 22:00:03'),(21,1,1,3,2,'2022-11-10 07:15:08','2022-12-01 18:00:03'),(22,1,1,1,3,'2022-11-10 07:15:08','2022-11-27 19:00:03'),(23,1,1,5529,4,'2022-11-10 07:15:08','2022-11-23 13:00:07'),(24,1,1,31,1,'2022-11-10 07:15:08','2022-12-01 18:00:03'),(25,1,1,15,2,'2022-11-10 07:15:08','2022-11-24 22:00:03'),(26,1,1,14,4,'2022-11-10 07:15:08','2022-11-24 22:00:03'),(27,1,1,6,1,'2022-11-10 07:15:08','2022-11-24 22:00:02'),(28,1,1,1530,3,'2022-11-10 07:15:08','2022-11-24 22:00:03'),(29,1,1,27,1,'2022-11-10 07:15:08','2022-11-24 19:00:06'),(30,1,1,7,3,'2022-11-10 07:15:08','2022-12-02 18:00:48'),(31,1,1,1504,4,'2022-11-10 07:15:08','2022-12-02 18:00:48'),(32,1,1,17,2,'2022-11-10 07:15:08','2022-12-02 18:00:48'),(33,2,1,492,1,'2022-11-10 07:15:09','2022-11-10 07:15:09'),(34,2,1,40,2,'2022-11-10 07:15:09','2022-11-10 07:15:09'),(35,2,1,194,3,'2022-11-10 07:15:09','2022-11-10 07:15:09'),(36,2,1,257,4,'2022-11-10 07:15:09','2022-11-10 07:15:09'),(37,2,1,212,1,'2022-11-10 07:15:09','2022-11-10 07:15:09'),(38,2,1,569,2,'2022-11-10 07:15:09','2022-11-10 07:15:09'),(39,2,1,168,3,'2022-11-10 07:15:09','2022-11-10 07:15:09'),(40,2,1,530,4,'2022-11-10 07:15:09','2022-11-10 07:15:09'),(41,2,1,157,1,'2022-11-10 07:15:09','2022-11-10 07:15:09'),(42,2,1,505,2,'2022-11-10 07:15:09','2022-11-10 07:15:09'),(43,2,1,529,3,'2022-11-10 07:15:09','2022-11-10 07:15:09'),(44,2,1,567,4,'2022-11-10 07:15:09','2022-11-10 07:15:09'),(45,2,1,47,1,'2022-11-10 07:15:09','2022-11-10 07:15:09'),(46,2,1,169,2,'2022-11-10 07:15:09','2022-11-10 07:15:09'),(47,2,1,228,3,'2022-11-10 07:15:09','2022-11-10 07:15:09'),(48,2,1,81,4,'2022-11-10 07:15:09','2022-11-10 07:15:09'),(49,2,1,49,1,'2022-11-10 07:15:09','2022-11-10 07:15:09'),(50,2,1,489,2,'2022-11-10 07:15:09','2022-11-10 07:15:09'),(51,2,1,571,3,'2022-11-10 07:15:09','2022-11-10 07:15:09'),(52,2,1,620,4,'2022-11-10 07:15:09','2022-11-10 07:15:09'),(53,2,1,541,1,'2022-11-10 07:15:09','2022-11-10 07:15:09'),(54,2,1,173,2,'2022-11-10 07:15:09','2022-11-10 07:15:09'),(55,2,1,550,3,'2022-11-10 07:15:09','2022-11-10 07:15:09'),(56,2,1,247,4,'2022-11-10 07:15:09','2022-11-10 07:15:09'),(57,2,1,50,1,'2022-11-10 07:15:09','2022-11-10 07:15:09'),(58,2,1,165,2,'2022-11-10 07:15:09','2022-11-10 07:15:09'),(59,2,1,536,3,'2022-11-10 07:15:09','2022-11-10 07:15:09'),(60,2,1,400,4,'2022-11-10 07:15:09','2022-11-10 07:15:09'),(61,2,1,211,1,'2022-11-10 07:15:09','2022-11-10 07:15:09'),(62,2,1,85,2,'2022-11-10 07:15:09','2022-11-10 07:15:09'),(63,2,1,496,3,'2022-11-10 07:15:09','2022-11-10 07:15:09'),(64,2,1,4195,4,'2022-11-10 07:15:09','2022-11-10 07:15:09'),(65,39,1,42,2,'2022-11-10 07:15:10','2023-05-03 22:00:05'),(66,39,1,50,1,'2022-11-10 07:15:10','2023-05-03 22:00:05'),(67,39,1,34,3,'2022-11-10 07:15:10','2023-04-23 16:00:04'),(68,39,1,47,6,'2022-11-10 07:15:10','2023-05-06 17:00:05'),(69,39,1,33,4,'2022-11-10 07:15:10','2023-04-23 16:00:04'),(70,39,1,51,7,'2022-11-10 07:15:10','2023-05-06 17:00:05'),(71,39,1,49,11,'2022-11-10 07:15:10','2023-05-06 17:00:05'),(72,39,1,40,5,'2022-11-10 07:15:10','2023-04-30 19:00:05'),(73,39,1,36,10,'2022-11-10 07:15:10','2023-04-26 22:00:04'),(74,39,1,52,12,'2022-11-10 07:15:10','2023-05-06 17:00:05'),(75,39,1,55,9,'2022-11-10 07:15:10','2023-04-26 22:00:04'),(76,39,1,63,17,'2022-11-10 07:15:10','2023-05-01 23:00:04'),(77,39,1,66,8,'2022-11-10 07:15:10','2023-05-04 22:00:04'),(78,39,1,46,16,'2022-11-10 07:15:10','2023-05-01 23:00:04'),(79,39,1,48,15,'2022-11-10 07:15:10','2023-04-27 22:00:04'),(80,39,1,45,19,'2022-11-10 07:15:10','2023-04-26 22:00:04'),(81,39,1,35,14,'2022-11-10 07:15:10','2023-05-06 17:00:05'),(82,39,1,41,20,'2022-11-10 07:15:10','2023-03-11 16:00:09'),(83,39,1,39,13,'2022-11-10 07:15:10','2023-05-06 17:00:05'),(84,39,1,65,18,'2022-11-10 07:15:10','2023-05-01 23:00:04');
/*!40000 ALTER TABLE `standings` ENABLE KEYS */;
UNLOCK TABLES;

--
-- Table structure for table `teams`
--

DROP TABLE IF EXISTS `teams`;
/*!40101 SET @saved_cs_client     = @@character_set_client */;
/*!50503 SET character_set_client = utf8mb4 */;
CREATE TABLE `teams` (
  `id` bigint unsigned NOT NULL AUTO_INCREMENT,
  `name` varchar(255) CHARACTER SET utf8mb4 COLLATE utf8mb4_unicode_ci NOT NULL,
  `code` char(5) CHARACTER SET utf8mb4 COLLATE utf8mb4_unicode_ci NOT NULL,
  `national` tinyint(1) DEFAULT NULL,
  `logo` varchar(255) CHARACTER SET utf8mb4 COLLATE utf8mb4_unicode_ci NOT NULL,
  `flag` varchar(255) COLLATE utf8mb4_unicode_ci DEFAULT NULL,
  PRIMARY KEY (`id`)
) ENGINE=InnoDB AUTO_INCREMENT=5530 DEFAULT CHARSET=utf8mb4 COLLATE=utf8mb4_unicode_ci;
/*!40101 SET character_set_client = @saved_cs_client */;

--
-- Dumping data for table `teams`
--

LOCK TABLES `teams` WRITE;
/*!40000 ALTER TABLE `teams` DISABLE KEYS */;
INSERT INTO `teams` VALUES (1,'Belgium','BEL',1,'https://media.api-sports.io/football/teams/1.png','https://media.api-sports.io/flags/be.svg'),(2,'France','FRA',1,'https://media.api-sports.io/football/teams/2.png','https://media.api-sports.io/flags/fr.svg'),(3,'Croatia','CRO',1,'https://media.api-sports.io/football/teams/3.png','https://media.api-sports.io/flags/hr.svg'),(6,'Brazil','BRA',1,'https://media.api-sports.io/football/teams/6.png','https://media.api-sports.io/flags/br.svg'),(7,'Uruguay','URU',1,'https://media.api-sports.io/football/teams/7.png','https://media.api-sports.io/flags/uy.svg'),(9,'Spain','SPA',1,'https://media.api-sports.io/football/teams/9.png','https://media.api-sports.io/flags/es.svg'),(10,'England','ENG',1,'https://media.api-sports.io/football/teams/10.png','https://media.api-sports.io/flags/gb.svg'),(12,'Japan','JAP',1,'https://media.api-sports.io/football/teams/12.png','https://media.api-sports.io/flags/jp.svg'),(13,'Senegal','SEN',1,'https://media.api-sports.io/football/teams/13.png','https://media.api-sports.io/flags/sn.svg'),(14,'Serbia','SER',1,'https://media.api-sports.io/football/teams/14.png','https://media.api-sports.io/flags/rs.svg'),(15,'Switzerland','SWI',1,'https://media.api-sports.io/football/teams/15.png','https://media.api-sports.io/flags/ch.svg'),(16,'Mexico','MEX',1,'https://media.api-sports.io/football/teams/16.png','https://media.api-sports.io/flags/mx.svg'),(17,'South Korea','SOU',1,'https://media.api-sports.io/football/teams/17.png',NULL),(20,'Australia','AUS',1,'https://media.api-sports.io/football/teams/20.png','https://media.api-sports.io/flags/au.svg'),(21,'Denmark','DEN',1,'https://media.api-sports.io/football/teams/21.png','https://media.api-sports.io/flags/dk.svg'),(22,'Iran','IRA',1,'https://media.api-sports.io/football/teams/22.png','https://media.api-sports.io/flags/ir.svg'),(23,'Saudi Arabia','SAU',1,'https://media.api-sports.io/football/teams/23.png',NULL),(24,'Poland','POL',1,'https://media.api-sports.io/football/teams/24.png','https://media.api-sports.io/flags/pl.svg'),(25,'Germany','GER',1,'https://media.api-sports.io/football/teams/25.png','https://media.api-sports.io/flags/de.svg'),(26,'Argentina','ARG',1,'https://media.api-sports.io/football/teams/26.png','https://media.api-sports.io/flags/ar.svg'),(27,'Portugal','POR',1,'https://media.api-sports.io/football/teams/27.png','https://media.api-sports.io/flags/pt.svg'),(28,'Tunisia','TUN',1,'https://media.api-sports.io/football/teams/28.png','https://media.api-sports.io/flags/tn.svg'),(29,'Costa Rica','COS',1,'https://media.api-sports.io/football/teams/29.png',NULL),(31,'Morocco','MOR',1,'https://media.api-sports.io/football/teams/31.png','https://media.api-sports.io/flags/ma.svg'),(33,'Manchester United','MUN',0,'https://media.api-sports.io/football/teams/33.png',NULL),(34,'Newcastle','NEW',0,'https://media.api-sports.io/football/teams/34.png',NULL),(35,'Bournemouth','BOU',0,'https://media.api-sports.io/football/teams/35.png',NULL),(36,'Fulham','FUL',0,'https://media.api-sports.io/football/teams/36.png',NULL),(39,'Wolves','WOL',0,'https://media.api-sports.io/football/teams/39.png',NULL),(40,'Liverpool','LIV',0,'https://media.api-sports.io/football/teams/40.png',NULL),(41,'Southampton','SOU',0,'https://media.api-sports.io/football/teams/41.png',NULL),(42,'Arsenal','ARS',0,'https://media.api-sports.io/football/teams/42.png',NULL),(45,'Everton','EVE',0,'https://media.api-sports.io/football/teams/45.png',NULL),(46,'Leicester','LEI',0,'https://media.api-sports.io/football/teams/46.png',NULL),(47,'Tottenham','TOT',0,'https://media.api-sports.io/football/teams/47.png',NULL),(48,'West Ham','WES',0,'https://media.api-sports.io/football/teams/48.png',NULL),(49,'Chelsea','CHE',0,'https://media.api-sports.io/football/teams/49.png',NULL),(50,'Manchester City','MAC',0,'https://media.api-sports.io/football/teams/50.png',NULL),(51,'Brighton','BRI',0,'https://media.api-sports.io/football/teams/51.png',NULL),(52,'Crystal Palace','CRY',0,'https://media.api-sports.io/football/teams/52.png',NULL),(55,'Brentford','BRE',0,'https://media.api-sports.io/football/teams/55.png',NULL),(63,'Leeds','LEE',0,'https://media.api-sports.io/football/teams/63.png',NULL),(65,'Nottingham Forest','NOT',0,'https://media.api-sports.io/football/teams/65.png',NULL),(66,'Aston Villa','AST',0,'https://media.api-sports.io/football/teams/66.png',NULL),(81,'Marseille','MAR',0,'https://media.api-sports.io/football/teams/81.png',NULL),(85,'Paris Saint Germain','PAR',0,'https://media.api-sports.io/football/teams/85.png',NULL),(157,'Bayern Munich','BAY',0,'https://media.api-sports.io/football/teams/157.png',NULL),(165,'Borussia Dortmund','DOR',0,'https://media.api-sports.io/football/teams/165.png',NULL),(168,'Bayer Leverkusen','BAY',0,'https://media.api-sports.io/football/teams/168.png',NULL),(169,'Eintracht Frankfurt','EIN',0,'https://media.api-sports.io/football/teams/169.png',NULL),(173,'RB Leipzig','LEI',0,'https://media.api-sports.io/football/teams/173.png',NULL),(194,'Ajax','AJA',0,'https://media.api-sports.io/football/teams/194.png',NULL),(211,'Benfica','BEN',0,'https://media.api-sports.io/football/teams/211.png',NULL),(212,'FC Porto','POR',0,'https://media.api-sports.io/football/teams/212.png',NULL),(228,'Sporting CP','SPO',0,'https://media.api-sports.io/football/teams/228.png',NULL),(247,'Celtic','CEL',0,'https://media.api-sports.io/football/teams/247.png',NULL),(257,'Rangers','RAN',0,'https://media.api-sports.io/football/teams/257.png',NULL),(400,'FC Copenhagen','COP',0,'https://media.api-sports.io/football/teams/400.png',NULL),(489,'AC Milan','MIL',0,'https://media.api-sports.io/football/teams/489.png',NULL),(492,'Napoli','NAP',0,'https://media.api-sports.io/football/teams/492.png',NULL),(496,'Juventus','JUV',0,'https://media.api-sports.io/football/teams/496.png',NULL),(505,'Inter','INT',0,'https://media.api-sports.io/football/teams/505.png',NULL),(529,'Barcelona','BAR',0,'https://media.api-sports.io/football/teams/529.png',NULL),(530,'Atletico Madrid','MAD',0,'https://media.api-sports.io/football/teams/530.png',NULL),(536,'Sevilla','SEV',0,'https://media.api-sports.io/football/teams/536.png',NULL),(541,'Real Madrid','REA',0,'https://media.api-sports.io/football/teams/541.png',NULL),(550,'Shakhtar Donetsk','SHA',0,'https://media.api-sports.io/football/teams/550.png',NULL),(567,'Plzen','PLZ',0,'https://media.api-sports.io/football/teams/567.png',NULL),(569,'Club Brugge KV','CLU',0,'https://media.api-sports.io/football/teams/569.png',NULL),(571,'Red Bull Salzburg','SAL',0,'https://media.api-sports.io/football/teams/571.png',NULL),(620,'Dinamo Zagreb','ZAG',0,'https://media.api-sports.io/football/teams/620.png',NULL),(767,'Wales','WAL',1,'https://media.api-sports.io/football/teams/767.png','https://media.api-sports.io/flags/gb.svg'),(1118,'Netherlands','NET',1,'https://media.api-sports.io/football/teams/1118.png','https://media.api-sports.io/flags/nl.svg'),(1504,'Ghana','GHA',1,'https://media.api-sports.io/football/teams/1504.png','https://media.api-sports.io/flags/gh.svg'),(1530,'Cameroon','CAM',1,'https://media.api-sports.io/football/teams/1530.png','https://media.api-sports.io/flags/cm.svg'),(1569,'Qatar','QAT',1,'https://media.api-sports.io/football/teams/1569.png','https://media.api-sports.io/flags/qa.svg'),(2382,'Ecuador','ECU',1,'https://media.api-sports.io/football/teams/2382.png','https://media.api-sports.io/flags/ec.svg'),(2384,'USA','USA',1,'https://media.api-sports.io/football/teams/2384.png','https://media.api-sports.io/flags/us.svg'),(4195,'Maccabi Haifa','MAC',0,'https://media.api-sports.io/football/teams/4195.png',NULL),(5529,'Canada','CAN',1,'https://media.api-sports.io/football/teams/5529.png','https://media.api-sports.io/flags/ca.svg');
/*!40000 ALTER TABLE `teams` ENABLE KEYS */;
UNLOCK TABLES;
/*!40103 SET TIME_ZONE=@OLD_TIME_ZONE */;

/*!40101 SET SQL_MODE=@OLD_SQL_MODE */;
/*!40014 SET FOREIGN_KEY_CHECKS=@OLD_FOREIGN_KEY_CHECKS */;
/*!40014 SET UNIQUE_CHECKS=@OLD_UNIQUE_CHECKS */;
/*!40101 SET CHARACTER_SET_CLIENT=@OLD_CHARACTER_SET_CLIENT */;
/*!40101 SET CHARACTER_SET_RESULTS=@OLD_CHARACTER_SET_RESULTS */;
/*!40101 SET COLLATION_CONNECTION=@OLD_COLLATION_CONNECTION */;
/*!40111 SET SQL_NOTES=@OLD_SQL_NOTES */;

-- Dump completed on 2023-05-07  0:33:13
